Date,Domain,avg_value
2022-01-12,RESTRAUNT,765781.8616187989
2022-04-01,RETAIL,733085.7867647059
2022-04-10,MEDICAL,752163.0796915167
2022-01-23,INVESTMENTS,749023.0661577608
2022-02-10,EDUCATION,751867.538277512
2022-03-18,INVESTMENTS,731365.5807291666
2022-04-07,EDUCATION,750146.2525510204
2022-01-08,RESTRAUNT,748337.093150685
2022-01-14,RESTRAUNT,760898.198019802
2022-01-19,RESTRAUNT,741670.9015151515
2022-01-29,RESTRAUNT,761879.1226158038
2022-02-15,MEDICAL,740788.9753694581
2022-03-07,PUBLIC,751387.8392434989
2022-03-29,INVESTMENTS,754263.6178660049
2022-03-10,MEDICAL,717749.6717557252
2022-04-11,EDUCATION,735433.8396946564
2022-01-23,PUBLIC,758521.192893401
2022-02-04,RESTRAUNT,773747.6004672897
2022-02-15,RETAIL,741141.5640394088
2022-02-17,INVESTMENTS,759318.1961259079
2022-02-19,PUBLIC,759074.2358722358
2022-02-19,MEDICAL,750827.9637883009
2022-02-26,INVESTMENTS,751745.5
2022-04-07,RESTRAUNT,779147.0136239782
2022-04-09,RESTRAUNT,759217.9764397906
2022-04-11,RESTRAUNT,743760.0461165048
2022-01-28,PUBLIC,753943.1662468514
2022-02-05,RESTRAUNT,742821.9756690997
2022-02-07,PUBLIC,740310.133016627
2022-02-12,RETAIL,729635.1102756893
2022-03-01,PUBLIC,756954.2251815981
2022-04-01,INTERNATIONAL,743426.0311004785
2022-02-13,PUBLIC,726476.2601010101
2022-03-12,INTERNATIONAL,735793.6694214876
2022-03-21,INVESTMENTS,730437.3694581281
2022-02-13,RETAIL,751133.0889487871
2022-02-16,RESTRAUNT,739661.432304038
2022-03-13,MEDICAL,748671.4102564103
2022-03-22,MEDICAL,775070.4297752809
2022-02-03,RESTRAUNT,734609.4316546762
2022-02-05,INTERNATIONAL,742206.63
2022-02-23,MEDICAL,759853.5308310991
2022-03-30,EDUCATION,730743.5776081425
2022-01-28,INTERNATIONAL,763524.294520548
2022-02-08,INVESTMENTS,736554.8545454545
2022-03-18,RESTRAUNT,748979.6657963446
2022-01-09,EDUCATION,753482.512755102
2022-01-11,EDUCATION,760031.8328981723
2022-01-12,MEDICAL,746710.138173302
2022-02-17,EDUCATION,735911.4371584699
2022-02-20,INTERNATIONAL,731883.3503649635
2022-02-21,RETAIL,729722.8555858311
2022-04-10,RESTRAUNT,750106.1746411483
2022-01-08,MEDICAL,778533.6055555556
2022-02-04,INTERNATIONAL,723088.2512690355
2022-03-07,MEDICAL,754327.8636363636
2022-03-14,MEDICAL,766199.6552631579
2022-01-29,MEDICAL,752453.3781094528
2022-02-18,RESTRAUNT,751104.0100502513
2022-02-19,INVESTMENTS,761062.0631067961
2022-03-12,MEDICAL,748205.9278606966
2022-03-20,INTERNATIONAL,745119.6578947369
2022-01-09,INTERNATIONAL,748522.6937669377
2022-02-08,RETAIL,762067.5169902913
2022-03-04,MEDICAL,769582.2257217848
2022-04-01,INVESTMENTS,744465.3645833334
2022-01-05,INVESTMENTS,738010.6594724221
2022-03-13,INTERNATIONAL,747880.3604651163
2022-03-26,EDUCATION,727878.293059126
2022-01-19,PUBLIC,753410.5768261965
2022-03-06,MEDICAL,753016.6405063291
2022-03-30,INTERNATIONAL,728088.1556728232
2022-04-10,INTERNATIONAL,738839.0742574257
2022-02-07,RETAIL,741257.3603351956
2022-02-14,RESTRAUNT,770447.881748072
2022-03-04,RETAIL,756439.0373134328
2022-03-16,MEDICAL,764925.5233415234
2022-02-06,PUBLIC,778437.619047619
2022-02-28,INTERNATIONAL,749154.1564986737
2022-03-06,PUBLIC,765118.0155038759
2022-03-15,EDUCATION,763110.5984455958
2022-03-15,INTERNATIONAL,739106.6303797468
2022-04-04,INVESTMENTS,747734.7058823529
2022-01-23,EDUCATION,730227.3306666666
2022-01-24,PUBLIC,744018.603626943
2022-02-13,RESTRAUNT,733477.7474489796
2022-03-04,PUBLIC,742176.6367924528
2022-02-25,EDUCATION,757266.2024691358
2022-03-08,MEDICAL,766224.5535248042
2022-03-18,INTERNATIONAL,749744.5856777494
2022-02-08,EDUCATION,752576.2734584451
2022-02-14,EDUCATION,752063.6565420561
2022-02-07,EDUCATION,746213.2098765433
2022-03-04,INTERNATIONAL,763219.0569948186
2022-03-30,INVESTMENTS,757054.8485639687
2022-01-06,RETAIL,724978.8575197889
2022-01-29,PUBLIC,767617.5466321243
2022-02-13,INTERNATIONAL,748229.61
2022-02-23,INVESTMENTS,737834.8307692307
2022-03-08,EDUCATION,756702.1815789473
2022-03-29,PUBLIC,767295.47314578
2022-01-22,PUBLIC,750738.5
2022-02-25,INTERNATIONAL,764416.6212871287
2022-04-11,INTERNATIONAL,743571.4878640777
2022-02-15,EDUCATION,766533.4422110553
2022-03-23,INVESTMENTS,756564.1231527093
2022-04-03,INTERNATIONAL,754289.2538461538
2022-04-03,PUBLIC,751062.7252475248
2022-04-06,RETAIL,747001.1053984576
2022-01-13,MEDICAL,743579.1840193705
2022-01-18,PUBLIC,756189.5416666666
2022-01-22,INTERNATIONAL,751427.6625
2022-03-17,MEDICAL,728794.2385786802
2022-03-29,EDUCATION,746786.6021220159
2022-01-05,INTERNATIONAL,734643.2084367246
2022-01-19,INVESTMENTS,745942.1989924433
2022-01-23,MEDICAL,747607.349726776
2022-02-11,INTERNATIONAL,761293.5718015666
2022-03-16,INVESTMENTS,765454.9657894737
2022-04-04,MEDICAL,741650.1825192802
2022-01-07,MEDICAL,737067.4529262086
2022-01-16,PUBLIC,729069.7844155844
2022-01-26,RETAIL,761304.6336088154
2022-02-09,MEDICAL,726577.0077319588
2022-03-13,RETAIL,734232.6972010178
2022-03-27,RETAIL,730043.3792134832
2022-03-29,INTERNATIONAL,728780.7875647668
2022-04-09,INVESTMENTS,750433.5431472082
2022-01-10,RESTRAUNT,743334.8453333334
2022-01-19,EDUCATION,747270.9081885857
2022-02-20,PUBLIC,769102.2595628415
2022-02-21,EDUCATION,737448.6237113402
2022-02-22,INVESTMENTS,729821.0383631714
2022-01-01,MEDICAL,750361.5581395349
2022-01-24,MEDICAL,750033.5552941177
2022-01-27,RESTRAUNT,733627.9386189259
2022-02-24,RETAIL,748603.1395348837
2022-01-14,INVESTMENTS,757668.9407216494
2022-01-28,MEDICAL,751765.592
2022-03-17,EDUCATION,765833.6727272727
2022-01-31,RESTRAUNT,775655.1211340206
2022-02-11,MEDICAL,755687.4398034398
2022-02-12,INVESTMENTS,749665.1818181818
2022-02-23,EDUCATION,772269.5327313769
2022-02-28,EDUCATION,745051.8761682243
2022-02-16,EDUCATION,730976.1804511278
2022-03-26,RETAIL,756641.5336787564
2022-03-30,PUBLIC,741488.2685421995
2022-04-06,INTERNATIONAL,764848.2853535353
2022-02-21,INVESTMENTS,757163.2375
2022-03-15,MEDICAL,728952.4862637363
2022-03-23,EDUCATION,729414.152631579
2022-01-12,INTERNATIONAL,729632.6991869919
2022-01-18,INVESTMENTS,731816.4577656676
2022-01-26,PUBLIC,757905.1421568628
2022-02-04,PUBLIC,769098.7305555556
2022-02-15,INTERNATIONAL,736738.6271604939
2022-03-03,EDUCATION,756456.474393531
2022-04-06,EDUCATION,729654.0754257907
2022-01-08,INTERNATIONAL,739313.0347222222
2022-02-03,MEDICAL,767748.5763546798
2022-02-08,PUBLIC,752538.748091603
2022-04-05,RETAIL,730441.1111111111
2022-01-31,INTERNATIONAL,748873.3723404255
2022-03-03,INVESTMENTS,779208.56
2022-03-30,MEDICAL,757296.3828125
2022-04-06,PUBLIC,733227.315403423
2022-01-02,INTERNATIONAL,736120.7032967033
2022-01-08,RETAIL,763731.2610837439
2022-02-02,PUBLIC,761205.6272965879
2022-04-02,RESTRAUNT,746023.2842377261
2022-02-07,INTERNATIONAL,729895.736
2022-02-28,PUBLIC,755604.8854748603
2022-03-02,RETAIL,766459.1125319693
2022-04-09,MEDICAL,744277.5328638498
2022-03-04,EDUCATION,752552.6683417085
2022-01-20,RETAIL,750794.5818639798
2022-02-20,EDUCATION,755652.2542787286
2022-02-28,RESTRAUNT,761774.9928400954
2022-03-31,RETAIL,762335.8520408163
2022-03-16,PUBLIC,746058.716080402
2022-01-24,EDUCATION,743684.6230769231
2022-02-15,RESTRAUNT,744930.0708446867
2022-02-25,INVESTMENTS,734302.3462469734
2022-01-17,PUBLIC,745367.2031662269
2022-01-22,RESTRAUNT,751526.9266055046
2022-02-18,INVESTMENTS,764575.6297229219
2022-02-24,INTERNATIONAL,747210.3606557377
2022-02-02,RETAIL,747286.9383378016
2022-02-19,RESTRAUNT,740179.0523690773
2022-03-02,PUBLIC,745995.6569343066
2022-03-08,RESTRAUNT,748159.2724867725
2022-03-14,INTERNATIONAL,759719.6526054591
2022-03-25,MEDICAL,731257.9357326478
2022-01-16,RESTRAUNT,753451.2434554974
2022-02-28,INVESTMENTS,738205.4505494506
2022-03-05,MEDICAL,733297.6666666666
2022-04-03,RETAIL,741249.6184834123
2022-04-05,INVESTMENTS,736440.0579345088
2022-04-09,PUBLIC,741046.648
2022-03-05,PUBLIC,747553.9052369078
2022-04-02,EDUCATION,723470.4226044226
2022-01-29,INVESTMENTS,760614.1189873418
2022-03-09,PUBLIC,753119.9153439153
2022-03-27,PUBLIC,762715.28320802
2022-01-13,PUBLIC,773530.9520383693
2022-01-23,RETAIL,743408.9923664122
2022-02-01,EDUCATION,730363.4063260341
2022-02-06,INTERNATIONAL,724949.286111111
2022-02-09,INTERNATIONAL,734201.1766304348
2022-03-19,RESTRAUNT,757390.8886010363
2022-03-20,EDUCATION,748448.4233576643
2022-03-28,RESTRAUNT,737983.2842639594
2022-04-01,RESTRAUNT,760846.6282051282
2022-01-02,RESTRAUNT,754181.8365122615
2022-01-10,PUBLIC,753028.5434782609
2022-02-01,INVESTMENTS,754312.3821339951
2022-03-31,INVESTMENTS,744344.3653333334
2022-04-01,MEDICAL,754649.3015873015
2022-02-01,INTERNATIONAL,756976.280104712
2022-02-03,INVESTMENTS,740346.6710875331
2022-02-19,INTERNATIONAL,758973.0883116883
2022-02-26,MEDICAL,748219.0929095355
2022-03-07,INVESTMENTS,722018.3766937669
2022-03-10,RESTRAUNT,727470.5067750678
2022-03-18,PUBLIC,745358.3984168866
2022-01-21,EDUCATION,754610.2109375
2022-01-24,RESTRAUNT,772710.2493297587
2022-02-23,RESTRAUNT,754650.3545706371
2022-01-11,RESTRAUNT,762761.8590785908
2022-01-14,PUBLIC,740408.2741116751
2022-03-14,RETAIL,744698.705
2022-03-19,INTERNATIONAL,731286.1392405063
2022-03-28,INVESTMENTS,736135.3448275862
2022-04-03,INVESTMENTS,772392.6141304348
2022-01-04,PUBLIC,773255.3535108959
2022-01-21,MEDICAL,753255.8165829146
2022-02-06,MEDICAL,740193.8137254902
2022-03-07,EDUCATION,743373.5147783251
2022-03-19,MEDICAL,749848.7513227513
2022-04-06,INVESTMENTS,733547.5591397849
2022-04-08,INVESTMENTS,720944.2533692722
2022-01-12,EDUCATION,734271.6262376237
2022-03-10,EDUCATION,750207.1742243437
2022-01-17,INVESTMENTS,758100.2262773722
2022-02-28,RETAIL,771286.7556675063
2022-03-21,MEDICAL,748431.5582524271
2022-03-30,RETAIL,745549.9925558312
2022-01-06,INTERNATIONAL,729248.622327791
2022-01-09,MEDICAL,764923.8
2022-01-27,INVESTMENTS,741201.8723958334
2022-02-22,INTERNATIONAL,770482.1567164179
2022-03-19,INVESTMENTS,730947.9975247525
2022-01-02,INVESTMENTS,742187.4944134079
2022-01-24,INVESTMENTS,748296.8942065492
2022-03-14,RESTRAUNT,750769.8972431078
2022-02-10,MEDICAL,731110.7907692308
2022-02-26,INTERNATIONAL,757359.8493150685
2022-01-04,RESTRAUNT,762094.3147632312
2022-03-16,INTERNATIONAL,740398.7053824363
2022-04-08,RETAIL,731254.4370179948
2022-02-04,INVESTMENTS,720127.651105651
2022-02-13,INVESTMENTS,736987.4330900243
2022-01-03,RETAIL,739085.1846522782
2022-01-20,EDUCATION,726334.5811764706
2022-01-30,INTERNATIONAL,738458.2776349614
2022-02-03,PUBLIC,756305.8355091384
2022-03-06,RESTRAUNT,756716.9749373434
2022-03-26,MEDICAL,734081.0080213904
2022-04-02,INVESTMENTS,736018.4
2022-04-06,RESTRAUNT,724295.7116402116
2022-04-07,INTERNATIONAL,751936.4263959391
2022-01-13,RESTRAUNT,777110.1771117166
2022-02-11,INVESTMENTS,730486.2036082475
2022-03-31,INTERNATIONAL,766662.4850746269
2022-01-06,MEDICAL,735086.3587223587
2022-01-06,EDUCATION,745300.8341836735
2022-02-26,RESTRAUNT,754250.3848167539
2022-01-30,RETAIL,746306.4130434783
2022-03-22,PUBLIC,759844.990521327
2022-03-26,INVESTMENTS,751354.5423728813
2022-03-28,PUBLIC,748264.9868421053
2022-03-28,MEDICAL,749305.6385224274
2022-01-14,MEDICAL,749573.944
2022-03-05,RETAIL,759967.4707446808
2022-01-30,MEDICAL,749343.6742424242
2022-03-26,INTERNATIONAL,734574.3340757238
2022-03-30,RESTRAUNT,755714.5178997613
2022-02-01,MEDICAL,774767.2872062663
2022-02-07,INVESTMENTS,732662.3119047619
2022-03-08,RETAIL,768829.9549763033
2022-03-17,INVESTMENTS,754774.4530831099
2022-03-24,MEDICAL,733608.7563451777
2022-01-26,RESTRAUNT,760452.984
2022-02-12,MEDICAL,763809.7188264058
2022-01-15,INTERNATIONAL,758842.0103896104
2022-02-23,RETAIL,756569.7561643836
2022-01-16,INTERNATIONAL,742912.0341463415
2022-01-20,RESTRAUNT,741164.9177718833
2022-02-09,RESTRAUNT,757692.3549883991
2022-02-17,MEDICAL,738349.7317708334
2022-02-25,RETAIL,757373.8783068783
2022-01-13,EDUCATION,757351.7058823529
2022-02-09,EDUCATION,747826.2278177458
2022-02-24,RESTRAUNT,724707.1707317074
2022-03-15,RETAIL,746895.0443213297
2022-01-04,MEDICAL,759274.1228501229
2022-01-05,RESTRAUNT,734330.7922077922
2022-01-27,RETAIL,736908.6317016317
2022-02-21,MEDICAL,744635.1980440097
2022-03-07,RESTRAUNT,769066.8325
2022-01-23,INTERNATIONAL,737505.8873239437
2022-03-06,INTERNATIONAL,749535.3273195876
2022-03-16,RESTRAUNT,746566.4925373135
2022-04-07,INVESTMENTS,759290.9471153846
2022-01-08,PUBLIC,757524.2213740458
2022-01-27,PUBLIC,748052.1679586563
2022-02-06,INVESTMENTS,746974.3798449612
2022-04-01,EDUCATION,759713.1436031332
2022-01-21,RESTRAUNT,750876.856
2022-02-14,MEDICAL,758614.93575419
2022-03-01,EDUCATION,753537.0361757106
2022-03-22,EDUCATION,741978.1893333333
2022-04-08,MEDICAL,760601.3184079602
2022-01-07,RESTRAUNT,753643.5631578948
2022-01-28,RETAIL,739079.6189189189
2022-03-03,INTERNATIONAL,721847.6016483516
2022-03-09,EDUCATION,764370.6415584416
2022-01-02,RETAIL,754811.8984771573
2022-02-10,PUBLIC,736272.1111111111
2022-02-27,RETAIL,759373.0109589042
2022-03-12,RESTRAUNT,748809.8515815085
2022-03-23,MEDICAL,745993.388324873
2022-04-02,PUBLIC,742179.4114285714
2022-02-22,PUBLIC,739999.2686567164
2022-03-11,MEDICAL,745090.3425
2022-03-12,PUBLIC,754983.2099737533
2022-01-11,RETAIL,752343.8225806452
2022-02-11,RESTRAUNT,740676.4037433155
2022-02-15,INVESTMENTS,737522.7674418605
2022-04-04,INTERNATIONAL,736784.9261083744
2022-04-11,MEDICAL,746623.0769230769
2022-01-04,INTERNATIONAL,734598.0261096606
2022-01-28,RESTRAUNT,761884.6840731071
2022-02-01,RESTRAUNT,750081.4355670103
2022-03-10,PUBLIC,738082.8837209302
2022-04-02,INTERNATIONAL,748934.3269689737
2022-03-06,RETAIL,740043.1216545012
2022-01-13,RETAIL,762387.9341772152
2022-02-01,RETAIL,749811.082010582
2022-03-22,INTERNATIONAL,739772.2405063291
2022-03-01,INTERNATIONAL,728441.1658031088
2022-03-31,MEDICAL,735970.034739454
2022-04-05,MEDICAL,728339.9093198993
2022-04-07,RETAIL,764370.4391534391
2022-01-06,RESTRAUNT,760731.9098143236
2022-01-06,INVESTMENTS,759477.565
2022-01-18,RETAIL,760228.6942528735
2022-01-20,INVESTMENTS,741423.8379746835
2022-02-25,PUBLIC,736586.3382352941
2022-03-10,INTERNATIONAL,728099.9213197969
2022-01-15,INVESTMENTS,733607.7788461539
2022-01-25,PUBLIC,754084.3778920309
2022-01-26,INTERNATIONAL,765762.1815718157
2022-01-26,MEDICAL,757732.3793103448
2022-01-06,PUBLIC,754601.8537234042
2022-01-11,MEDICAL,734827.0911214954
2022-01-24,RETAIL,745380.1134020619
2022-02-04,MEDICAL,745376.962085308
2022-03-01,MEDICAL,760165.8788732394
2022-03-09,RETAIL,772056.0743589744
2022-04-09,EDUCATION,727707.4455958549
2022-01-08,EDUCATION,753969.6733668342
2022-01-31,RETAIL,758631.0755208334
2022-02-14,INTERNATIONAL,738371.4525
2022-03-03,RESTRAUNT,728635.0683962264
2022-03-21,RETAIL,753105.017369727
2022-01-14,INTERNATIONAL,741472.4181360202
2022-01-31,EDUCATION,761936.845971564
2022-02-08,INTERNATIONAL,744027.7402597403
2022-02-21,RESTRAUNT,752885.227154047
2022-02-03,EDUCATION,746749.0479616307
2022-02-12,EDUCATION,752764.761038961
2022-02-23,PUBLIC,752830.3470873786
2022-04-04,RETAIL,744018.6539440204
2022-01-03,INVESTMENTS,755376.170984456
2022-01-07,PUBLIC,749397.2131979696
2022-01-25,RETAIL,748506.0098280099
2022-02-23,INTERNATIONAL,761320.3872549019
2022-03-19,EDUCATION,736061.4020618557
2022-01-15,EDUCATION,750081.445
2022-01-15,RETAIL,761609.3125
2022-01-17,RESTRAUNT,731749.501234568
2022-02-07,MEDICAL,753390.4096045197
2022-02-17,RESTRAUNT,777507.6650246305
2022-03-22,RETAIL,743416.6833333333
2022-03-24,INVESTMENTS,760807.7864583334
2022-03-28,EDUCATION,756976.6144278607
2022-03-11,RETAIL,735042.9778325123
2022-01-04,EDUCATION,736386.5271867613
2022-02-16,INTERNATIONAL,750492.4668367347
2022-03-11,INTERNATIONAL,759183.0502645503
2022-03-29,MEDICAL,732148.5714285715
2022-03-31,EDUCATION,724131.4242424242
2022-01-02,MEDICAL,760977.2605263158
2022-01-14,RETAIL,741593.3350923483
2022-02-16,PUBLIC,755485.9670886076
2022-03-03,PUBLIC,744192.2751842752
2022-04-05,EDUCATION,760491.0551378446
2022-01-15,MEDICAL,748604.5943877551
2022-02-02,INVESTMENTS,750669.4921875
2022-02-10,INVESTMENTS,757209.3410256411
2022-03-17,RESTRAUNT,750003.2867830424
2022-03-18,MEDICAL,720849.6055979644
2022-03-20,PUBLIC,760272.2592592592
2022-04-03,EDUCATION,776900.3511450381
2022-04-05,RESTRAUNT,763831.1085858586
2022-01-30,RESTRAUNT,749537.6938271605
2022-03-06,INVESTMENTS,751701.6271186441
2022-04-08,INTERNATIONAL,727009.438016529
2022-02-01,PUBLIC,751006.4275184275
2022-02-06,EDUCATION,777704.5558139535
2022-03-01,RESTRAUNT,762977.5748218527
2022-03-31,PUBLIC,748556.4804469274
2022-01-28,EDUCATION,759726.7022332506
2022-02-27,EDUCATION,755838.3157894737
2022-02-27,RESTRAUNT,729828.1007556675
2022-03-09,INVESTMENTS,742271.0902439024
2022-03-24,EDUCATION,744838.7686567164
2022-04-04,RESTRAUNT,729359.0524861879
2022-01-09,INVESTMENTS,746544.1087962963
2022-03-26,PUBLIC,764465.1962365592
2022-04-03,MEDICAL,727057.9301745635
2022-04-09,RETAIL,729059.9575
2022-02-05,PUBLIC,735492.5051546391
2022-03-18,EDUCATION,739321.8956310679
2022-03-24,INTERNATIONAL,747038.2765957447
2022-01-09,PUBLIC,725677.7073863636
2022-01-20,PUBLIC,754586.4575835476
2022-01-26,EDUCATION,743434.8478802992
2022-03-01,RETAIL,764666.1503759399
2022-03-19,PUBLIC,737516.5405405406
2022-04-07,MEDICAL,736601.2367149758
2022-01-27,INTERNATIONAL,744932.2948717949
2022-02-21,PUBLIC,764181.4734042553
2022-02-22,RETAIL,730173.1630170316
2022-03-13,EDUCATION,740005.215425532
2022-04-06,MEDICAL,752157.3274559194
2022-01-18,RESTRAUNT,742624.3193069306
2022-02-18,INTERNATIONAL,733163.7396907216
2022-03-11,EDUCATION,724407.7964071856
2022-03-20,INVESTMENTS,748386.6521739131
2022-03-24,RESTRAUNT,751713.7291139241
2022-03-27,MEDICAL,770047.3069544365
2022-01-03,PUBLIC,738183.0346666666
2022-04-08,RESTRAUNT,762639.0484693878
2022-01-09,RESTRAUNT,765462.838961039
2022-01-11,PUBLIC,747524.3260869565
2022-01-15,RESTRAUNT,754720.2133333334
2022-01-27,EDUCATION,761908.7580246914
2022-01-31,MEDICAL,736819.4781491002
2022-02-22,MEDICAL,761946.7333333333
2022-03-03,MEDICAL,758263.5423728813
2022-04-08,PUBLIC,730036.0962962963
2022-03-25,RESTRAUNT,755730.6089385474
2022-04-05,INTERNATIONAL,741025.8353808353
2022-01-17,MEDICAL,734317.422982885
2022-02-07,RESTRAUNT,735024.8973747017
2022-02-15,PUBLIC,752527.8041775457
2022-04-08,EDUCATION,751171.2046511628
2022-03-22,INVESTMENTS,731186.5
2022-03-27,EDUCATION,763635.5048076923
2022-01-16,RETAIL,771689.862244898
2022-01-18,EDUCATION,766496.136239782
2022-01-31,PUBLIC,762495.9187817259
2022-02-27,PUBLIC,748728.4114583334
2022-03-31,RESTRAUNT,759467.4600938967
2022-01-04,RETAIL,721931.9531680441
2022-03-07,RETAIL,748678.8328767123
2022-01-05,RETAIL,758931.422459893
2022-01-07,EDUCATION,758692.5732009925
2022-01-18,INTERNATIONAL,771184.5
2022-01-21,INVESTMENTS,748818.3783068783
2022-04-02,MEDICAL,744606.4564102564
2022-01-01,RETAIL,735011.8426395939
2022-01-03,INTERNATIONAL,758857.8243902439
2022-01-10,EDUCATION,767908.6844783715
2022-01-13,INVESTMENTS,743467.0283505154
2022-01-21,PUBLIC,749081.6921119593
2022-02-18,MEDICAL,748566.6079404467
2022-02-21,INTERNATIONAL,748819.0932400932
2022-03-11,PUBLIC,745858.3294663574
2022-03-14,INVESTMENTS,754826.8507462686
2022-03-21,EDUCATION,752727.4688346883
2022-01-17,EDUCATION,737377.7862407862
2022-03-13,PUBLIC,731122.0257731959
2022-02-27,INVESTMENTS,733136.4935064935
2022-01-26,INVESTMENTS,735304.853488372
2022-02-14,PUBLIC,773368.1349206349
2022-01-19,RETAIL,748417.9302949061
2022-01-03,MEDICAL,751057.8543956043
2022-03-05,INTERNATIONAL,746328.8859416445
2022-01-03,EDUCATION,741130.5606060605
2022-01-03,RESTRAUNT,770697.5767326732
2022-03-12,INVESTMENTS,744035.1015228427
2022-03-25,PUBLIC,769903.2108843537
2022-04-01,PUBLIC,749161.0409207161
2022-04-02,RETAIL,752990.1177944862
2022-04-11,RETAIL,748633.9557291666
2022-01-07,RETAIL,766586.7631578947
2022-02-02,EDUCATION,753664.5037783375
2022-03-20,RETAIL,770181.5398457584
2022-04-04,EDUCATION,769802.304347826
2022-03-20,MEDICAL,766059.9419525065
2022-03-21,PUBLIC,735081.9573333333
2022-01-16,INVESTMENTS,765869.9801980198
2022-02-24,PUBLIC,771663.2557544757
2022-03-10,INVESTMENTS,774794.6015424165
2022-01-10,INTERNATIONAL,771178.6817042606
2022-01-11,INTERNATIONAL,755917.345646438
2022-01-14,EDUCATION,747337.713253012
2022-01-25,INVESTMENTS,757345.6096385542
2022-02-08,RESTRAUNT,746573.540609137
2022-02-10,INTERNATIONAL,758246.4004975124
2022-02-24,INVESTMENTS,737045.69035533
2022-01-22,EDUCATION,766232.3530927835
2022-02-02,RESTRAUNT,744537.6852300242
2022-03-11,INVESTMENTS,761791.8872549019
2022-03-24,RETAIL,751547.0357995227
2022-03-25,INTERNATIONAL,747140.4891304348
2022-04-10,INVESTMENTS,742337.7022332506
2022-01-30,INVESTMENTS,740111.1056701031
2022-02-12,PUBLIC,741211.8966480447
2022-03-08,INTERNATIONAL,752687.6424581006
2022-03-21,INTERNATIONAL,732340.937007874
2022-04-03,RESTRAUNT,762505.4598930482
2022-02-19,RETAIL,726218.1329787234
2022-02-25,RESTRAUNT,758376.3676880223
2022-03-23,RETAIL,757260.0476190476
2022-03-26,RESTRAUNT,752863.945799458
2022-01-08,INVESTMENTS,745712.0829145729
2022-01-22,INVESTMENTS,749802.234828496
2022-02-09,INVESTMENTS,737964.445652174
2022-02-17,PUBLIC,737121.1119791666
2022-03-04,INVESTMENTS,746296.5013404826
2022-03-20,RESTRAUNT,732441.9807162534
2022-03-29,RESTRAUNT,771195.95
2022-04-07,PUBLIC,741800.2020460358
2022-01-20,INTERNATIONAL,726129.3851851852
2022-01-21,RETAIL,773149.0495049505
2022-03-09,MEDICAL,762500.3315649867
2022-01-05,PUBLIC,748714.8143564357
2022-02-05,INVESTMENTS,765372.2169312169
2022-02-10,RETAIL,753250.8519417476
2022-03-18,RETAIL,776851.9024390244
2022-03-24,PUBLIC,756378.3350785341
2022-02-10,RESTRAUNT,733695.3324396783
2022-02-12,RESTRAUNT,736367.3619791666
2022-03-05,INVESTMENTS,750098.5203045686
2022-03-11,RESTRAUNT,766250.0556962026
2022-03-14,PUBLIC,747401.272972973
2022-03-28,INTERNATIONAL,741271.0885780886
2022-01-01,PUBLIC,745098.800486618
2022-02-16,INVESTMENTS,741691.7840616966
2022-02-18,EDUCATION,756936.3890339426
2022-01-05,MEDICAL,748520.1898734177
2022-01-23,RESTRAUNT,748740.7802469135
2022-02-26,RETAIL,741540.0106666667
2022-03-05,EDUCATION,745560.2751196172
2022-03-08,PUBLIC,765855.6910377359
2022-03-25,INVESTMENTS,763190.7415143603
2022-01-12,INVESTMENTS,727415.1818181818
2022-01-19,MEDICAL,730866.4493827161
2022-02-26,PUBLIC,761538.1149425288
2022-02-14,INVESTMENTS,725909.3333333334
2022-02-18,RETAIL,762243.2787723786
2022-03-13,INVESTMENTS,739025.3274111676
2022-03-16,RETAIL,763135.7447306792
2022-01-10,RETAIL,750748.350515464
2022-01-29,INTERNATIONAL,734783.0778588807
2022-02-04,EDUCATION,748894.3333333334
2022-03-09,INTERNATIONAL,755620.6172839506
2022-02-12,INTERNATIONAL,770558.9658536585
2022-03-03,RETAIL,743037.0
2022-01-25,INTERNATIONAL,745466.9368686868
2022-03-17,PUBLIC,762289.3446601941
2022-01-09,RETAIL,749851.3680555555
2022-02-02,INTERNATIONAL,761922.8542199489
2022-02-18,PUBLIC,755613.9923469388
2022-03-04,RESTRAUNT,732173.6443298969
2022-03-14,EDUCATION,746437.608040201
2022-01-02,PUBLIC,752134.6345679013
2022-01-30,PUBLIC,766476.4197183099
2022-02-16,RETAIL,731707.9602122016
2022-02-20,INVESTMENTS,754549.9945945946
2022-03-13,RESTRAUNT,726060.9186351706
2022-03-16,EDUCATION,759913.1532467533
2022-03-21,RESTRAUNT,741218.2315270936
2022-03-29,RETAIL,724689.9349593496
2022-01-01,EDUCATION,737088.3727506427
2022-01-15,PUBLIC,736559.5807291666
2022-01-31,INVESTMENTS,761212.3609022556
2022-02-04,RETAIL,750788.7267759563
2022-03-05,RESTRAUNT,763539.0490196078
2022-03-17,RETAIL,723508.653164557
2022-03-27,INVESTMENTS,747595.8190709046
2022-01-12,PUBLIC,755912.4533333334
2022-01-18,MEDICAL,745667.6401028278
2022-03-15,RESTRAUNT,744255.0818858561
2022-01-11,INVESTMENTS,734319.5577395577
2022-01-22,RETAIL,762678.684729064
2022-03-23,INTERNATIONAL,725076.8103044496
2022-02-05,EDUCATION,754439.6406619386
2022-02-28,MEDICAL,726871.5745721272
2022-03-02,RESTRAUNT,753766.8154613466
2022-03-10,RETAIL,769918.6882793017
2022-01-29,RETAIL,762704.3049095607
2022-02-13,MEDICAL,749369.2117346938
2022-02-19,EDUCATION,760783.4878640777
2022-03-25,RETAIL,733337.6624685138
2022-03-28,RETAIL,757914.0994475138
2022-04-04,PUBLIC,755362.331632653
2022-04-10,PUBLIC,753470.7217847769
2022-01-04,INVESTMENTS,759232.948019802
2022-02-22,EDUCATION,742852.2437810946
2022-03-09,RESTRAUNT,757076.5454545454
2022-02-14,RETAIL,746193.9825
2022-02-27,MEDICAL,747109.7613365155
2022-03-23,RESTRAUNT,777825.2179176755
2022-01-01,INTERNATIONAL,754258.9944751381
2022-01-10,MEDICAL,749512.5386533666
2022-02-05,RETAIL,747500.8191780822
2022-03-12,EDUCATION,748387.5283505154
2022-01-30,EDUCATION,734465.2839506173
2022-02-03,RETAIL,751264.5289256198
2022-02-22,RESTRAUNT,760283.6327683616
2022-03-25,EDUCATION,743687.2067307692
2022-02-02,MEDICAL,748464.9830508474
2022-02-06,RETAIL,755628.0322580645
2022-03-06,EDUCATION,744481.0222841225
2022-03-19,RETAIL,743007.0939086295
2022-01-17,INTERNATIONAL,753739.4221635883
2022-03-22,RESTRAUNT,773832.5969387755
2022-03-23,PUBLIC,735809.5093333333
2022-01-20,MEDICAL,752445.8598901099
2022-02-09,RETAIL,741856.2704081633
2022-02-20,RESTRAUNT,743310.5395683453
2022-01-19,INTERNATIONAL,759014.0682414698
2022-02-09,PUBLIC,741631.0463917525
2022-02-24,EDUCATION,746788.6130653266
2022-03-01,INVESTMENTS,725112.4936061382
2022-03-15,PUBLIC,752697.5593220339
2022-01-01,INVESTMENTS,763030.9858156028
2022-01-13,INTERNATIONAL,731055.5748031496
2022-02-11,RETAIL,749918.0844327176
2022-02-11,EDUCATION,740913.033898305
2022-03-02,INTERNATIONAL,731886.6083550914
2022-01-16,EDUCATION,753836.59
2022-01-17,RETAIL,698642.861878453
2022-02-13,EDUCATION,736885.0692307692
2022-01-07,INVESTMENTS,735352.6642335766
2022-01-16,MEDICAL,759229.4168865435
2022-02-11,PUBLIC,749694.1519607843
2022-01-27,MEDICAL,733708.4644808744
2022-03-02,MEDICAL,757527.8135135135
2022-03-02,INVESTMENTS,770190.4088669951
2022-03-07,INTERNATIONAL,743429.3307888041
2022-04-10,EDUCATION,783582.4559585492
2022-02-03,INTERNATIONAL,757214.411311054
2022-01-01,RESTRAUNT,748138.1683937823
2022-02-25,MEDICAL,765887.4311688312
2022-03-12,RETAIL,732633.2227602906
2022-03-17,INTERNATIONAL,754328.2525510204
2022-04-11,INVESTMENTS,778184.1413612566
2022-01-25,EDUCATION,740776.2379746835
2022-02-08,MEDICAL,743244.0097560976
2022-02-20,MEDICAL,755611.8422330098
2022-03-27,RESTRAUNT,733844.9586563307
2022-04-10,RETAIL,765310.6765498653
2022-01-22,MEDICAL,747390.6666666666
2022-04-09,INTERNATIONAL,746030.4344473007
2022-02-06,RESTRAUNT,738826.5414507772
2022-03-15,INVESTMENTS,752841.1720930233
2022-01-10,INVESTMENTS,743328.219895288
2022-01-25,MEDICAL,749963.9709762533
2022-02-17,INTERNATIONAL,761781.0950118764
2022-01-24,INTERNATIONAL,754234.534351145
2022-02-20,RETAIL,751234.9754768392
2022-03-08,INVESTMENTS,750208.7739557739
2022-03-27,INTERNATIONAL,746973.3423913043
2022-01-02,EDUCATION,757351.737913486
2022-01-12,RETAIL,753888.3743718592
2022-02-24,MEDICAL,734775.2722772277
2022-03-02,EDUCATION,753259.9128205128
2022-04-11,PUBLIC,736974.7941952506
2022-01-21,INTERNATIONAL,757352.5571428571
2022-01-25,RESTRAUNT,768882.576819407
2022-02-17,RETAIL,736366.0370370371
2022-02-26,EDUCATION,767155.6214285714
2022-01-07,INTERNATIONAL,742202.0025575447
2022-01-29,EDUCATION,738492.0965346535
2022-02-27,INTERNATIONAL,747083.8222748815
2022-01-05,EDUCATION,751972.8716577541
2022-01-28,INVESTMENTS,749288.9585492228
2022-02-05,MEDICAL,779917.0775193798
2022-02-16,MEDICAL,750127.511873351
2022-04-05,PUBLIC,719953.9948320413
2022-05-30,INTERNATIONAL,749172.7239583334
2022-06-23,PUBLIC,774395.731884058
2022-06-19,RETAIL,757631.4267676767
2022-07-13,RETAIL,764701.3740648379
2022-07-19,INVESTMENTS,759447.0962025316
2022-04-16,PUBLIC,745583.8496240601
2022-05-12,PUBLIC,755120.7989690722
2022-06-26,RESTRAUNT,755726.4972527473
2022-04-23,INVESTMENTS,747321.942408377
2022-04-29,RESTRAUNT,746569.0810810811
2022-06-12,PUBLIC,738291.2307692308
2022-06-21,PUBLIC,743151.54
2022-07-09,INVESTMENTS,755018.7601918465
2022-07-20,PUBLIC,749866.5739795918
2022-05-05,PUBLIC,737574.7304964539
2022-06-22,PUBLIC,749746.6010498687
2022-04-16,RETAIL,745658.2777777778
2022-05-02,RESTRAUNT,729667.2581453634
2022-05-14,MEDICAL,788195.9916434541
2022-05-23,MEDICAL,749511.1397260274
2022-06-09,MEDICAL,732786.6866840731
2022-04-22,MEDICAL,758409.3325581396
2022-04-30,INTERNATIONAL,732908.2201591512
2022-05-11,MEDICAL,764768.5171568628
2022-05-11,RESTRAUNT,734835.5743589744
2022-06-01,EDUCATION,755199.9564032698
2022-04-16,MEDICAL,734492.5413711584
2022-05-08,PUBLIC,747413.0463917525
2022-05-24,RESTRAUNT,750816.8106060605
2022-06-03,PUBLIC,755692.2978723404
2022-06-10,EDUCATION,755496.850515464
2022-07-15,MEDICAL,743317.8673469388
2022-04-12,MEDICAL,735149.7060367455
2022-04-19,INTERNATIONAL,752570.171990172
2022-06-05,PUBLIC,749126.8950131234
2022-07-20,EDUCATION,761953.7653333333
2022-06-18,MEDICAL,739275.4065934066
2022-06-26,RETAIL,740567.4170984456
2022-05-17,RETAIL,749293.4623376623
2022-06-12,INTERNATIONAL,735458.3157894737
2022-06-28,MEDICAL,759538.2276214834
2022-07-11,PUBLIC,730443.9250645995
2022-07-11,INTERNATIONAL,751423.6422976501
2022-07-20,INTERNATIONAL,739048.7814070352
2022-05-01,EDUCATION,752143.2979274611
2022-05-09,MEDICAL,779380.3746478873
2022-05-24,EDUCATION,759343.3817733991
2022-06-02,RETAIL,730750.8524590164
2022-06-09,RESTRAUNT,769202.8860103627
2022-04-27,MEDICAL,745920.1712158809
2022-05-16,PUBLIC,764248.050802139
2022-06-24,EDUCATION,734151.9697732998
2022-07-01,INTERNATIONAL,763179.4013761468
2022-07-06,PUBLIC,758759.9463869464
2022-07-19,EDUCATION,764173.3682926829
2022-04-19,INVESTMENTS,734225.6387434555
2022-05-01,RESTRAUNT,743097.2193877551
2022-05-30,PUBLIC,740030.1658767773
2022-06-03,INVESTMENTS,761510.8236914601
2022-06-05,MEDICAL,735924.1643454039
2022-05-19,EDUCATION,739887.7442455243
2022-05-31,PUBLIC,751226.3222506394
2022-07-17,MEDICAL,773173.4902439024
2022-04-25,RESTRAUNT,755814.3584415584
2022-06-02,MEDICAL,741342.689119171
2022-06-14,EDUCATION,759267.285
2022-04-24,INVESTMENTS,740608.0798004988
2022-05-05,EDUCATION,762587.8126582279
2022-06-07,EDUCATION,735158.2673031026
2022-06-09,EDUCATION,744362.095959596
2022-06-29,INTERNATIONAL,763538.201946472
2022-07-02,MEDICAL,740015.9287469287
2022-04-21,MEDICAL,735589.0465116279
2022-05-22,MEDICAL,728801.4255874674
2022-06-10,RETAIL,771658.9712230216
2022-07-02,PUBLIC,729862.2628865979
2022-04-29,EDUCATION,739922.6422018348
2022-06-19,PUBLIC,745264.034739454
2022-07-02,INVESTMENTS,744560.0389294404
2022-07-15,EDUCATION,748310.6045918367
2022-04-21,RETAIL,737561.6977886978
2022-05-20,INTERNATIONAL,750495.2549504951
2022-06-01,INVESTMENTS,773472.2080200501
2022-04-21,INTERNATIONAL,755132.6708860759
2022-07-07,PUBLIC,750061.471563981
2022-04-25,EDUCATION,739169.2958115183
2022-05-05,RETAIL,755329.9295039164
2022-06-19,EDUCATION,760418.2254641909
2022-04-16,INVESTMENTS,723170.0867208672
2022-04-29,RETAIL,754032.2276214834
2022-06-04,INTERNATIONAL,722369.173126615
2022-07-08,INVESTMENTS,728102.1764705882
2022-06-29,RETAIL,750383.6048780488
2022-04-18,PUBLIC,755606.1818181818
2022-05-03,INTERNATIONAL,783236.4932614556
2022-05-27,MEDICAL,731968.0684596577
2022-07-16,INVESTMENTS,765613.4973544973
2022-04-20,RETAIL,733410.5901639344
2022-04-25,MEDICAL,734020.7780612245
2022-05-16,INTERNATIONAL,770958.0904392765
2022-06-14,INVESTMENTS,762518.8970976253
2022-07-01,RETAIL,737579.1481481482
2022-07-07,INVESTMENTS,762498.5171428572
2022-04-25,PUBLIC,743475.8242280285
2022-05-09,RESTRAUNT,750346.1994680851
2022-05-11,RETAIL,740630.8821989528
2022-07-02,EDUCATION,746185.7432432432
2022-04-13,PUBLIC,715779.0153452685
2022-06-05,EDUCATION,753062.5226666667
2022-06-18,PUBLIC,746996.0752688173
2022-07-09,EDUCATION,738152.2329411765
2022-06-05,RESTRAUNT,708227.6743002544
2022-04-23,MEDICAL,766137.0465116279
2022-05-20,RESTRAUNT,753856.1538461539
2022-06-14,RETAIL,746865.5183374083
2022-07-07,RESTRAUNT,755505.8081081081
2022-05-10,INTERNATIONAL,753289.5436408977
2022-07-16,INTERNATIONAL,722693.834605598
2022-05-28,RETAIL,753951.3051282051
2022-07-10,INTERNATIONAL,744086.603406326
2022-05-29,RETAIL,736639.7341772151
2022-06-23,MEDICAL,752288.4142480211
2022-06-30,RETAIL,753529.6061381074
2022-07-15,INVESTMENTS,730555.9168765743
2022-07-16,RESTRAUNT,750261.9820512821
2022-05-04,EDUCATION,749499.5638554217
2022-05-22,INTERNATIONAL,775612.9950859951
2022-05-21,EDUCATION,750719.0237529691
2022-05-25,RESTRAUNT,769829.7555555556
2022-05-29,PUBLIC,741122.6192771085
2022-06-11,RESTRAUNT,750790.2460732984
2022-07-04,PUBLIC,758711.9118329466
2022-04-23,EDUCATION,717674.5294117647
2022-05-09,INVESTMENTS,767296.9745370371
2022-05-21,MEDICAL,749514.0710900474
2022-05-22,INVESTMENTS,754504.3220338983
2022-06-01,INTERNATIONAL,758590.1513647643
2022-06-19,INVESTMENTS,763675.1858638744
2022-07-19,MEDICAL,769448.5909090909
2022-05-17,MEDICAL,759348.9248704663
2022-05-22,PUBLIC,747898.0396825396
2022-06-04,PUBLIC,730747.9725685786
2022-06-04,RESTRAUNT,764410.8619854721
2022-06-11,INTERNATIONAL,755642.656641604
2022-04-16,INTERNATIONAL,749653.8105263158
2022-04-23,RETAIL,754482.7017114914
2022-04-24,PUBLIC,743007.855721393
2022-05-18,INTERNATIONAL,750679.0205128206
2022-06-12,RETAIL,743859.99756691
2022-05-01,RETAIL,745727.6700767264
2022-05-13,INVESTMENTS,738930.8254847645
2022-05-13,RETAIL,768386.327176781
2022-05-24,INTERNATIONAL,747442.1711491443
2022-06-22,MEDICAL,759003.0763157895
2022-07-03,INTERNATIONAL,768204.0710784313
2022-07-11,MEDICAL,745181.5879518072
2022-06-08,RESTRAUNT,744102.7212276214
2022-06-13,INVESTMENTS,756248.9083557952
2022-07-03,PUBLIC,767326.1929824562
2022-04-15,EDUCATION,753780.4943820224
2022-05-06,INVESTMENTS,730329.2696078431
2022-05-26,RETAIL,740068.4829396325
2022-06-02,INVESTMENTS,728033.0923076923
2022-07-01,MEDICAL,743017.0075376885
2022-07-04,RESTRAUNT,767364.9219512196
2022-07-11,RESTRAUNT,754129.7639593908
2022-04-28,RETAIL,743524.0075
2022-05-16,INVESTMENTS,739691.7564102564
2022-06-02,RESTRAUNT,766413.5074626865
2022-07-15,RESTRAUNT,735881.0190476191
2022-04-30,MEDICAL,759701.1339712918
2022-07-07,MEDICAL,729977.1944444445
2022-07-17,PUBLIC,759710.7135278515
2022-05-31,INVESTMENTS,783784.1563342318
2022-06-23,INVESTMENTS,770779.2846347607
2022-04-16,RESTRAUNT,748242.4913580247
2022-05-26,MEDICAL,748383.3115183247
2022-05-25,INVESTMENTS,739225.0420560747
2022-05-26,INTERNATIONAL,741557.0206718346
2022-06-02,PUBLIC,769423.3631840796
2022-06-16,INTERNATIONAL,741711.1094147583
2022-06-22,EDUCATION,740764.9853300734
2022-06-30,PUBLIC,733785.331707317
2022-07-02,RESTRAUNT,741116.8244680851
2022-04-12,INTERNATIONAL,751449.0683962264
2022-05-03,INVESTMENTS,755587.7027707809
2022-05-31,EDUCATION,747596.1510791366
2022-06-04,RETAIL,760269.3527980535
2022-06-08,INTERNATIONAL,743932.0172413794
2022-06-30,RESTRAUNT,739424.270471464
2022-04-17,INTERNATIONAL,755131.1690821256
2022-05-15,INVESTMENTS,741197.4656862745
2022-06-09,PUBLIC,757086.4455205811
2022-04-27,EDUCATION,745804.6809045227
2022-05-09,INTERNATIONAL,723290.9057971014
2022-05-10,PUBLIC,758119.3792207792
2022-06-27,RESTRAUNT,762230.2335025381
2022-07-10,RESTRAUNT,757785.5
2022-04-25,INVESTMENTS,764956.3498694517
2022-05-14,PUBLIC,745643.2309582309
2022-06-08,EDUCATION,765791.987654321
2022-07-01,EDUCATION,737803.8976190477
2022-04-16,EDUCATION,753348.7587939699
2022-04-17,PUBLIC,740977.6989795918
2022-05-11,PUBLIC,724912.502688172
2022-05-14,INTERNATIONAL,749823.8684210526
2022-05-28,EDUCATION,750460.9214659686
2022-06-27,INVESTMENTS,745454.0
2022-07-14,RETAIL,737818.7275064267
2022-04-17,RETAIL,756455.488126649
2022-04-17,RESTRAUNT,765791.0710784313
2022-04-22,INVESTMENTS,742176.5471698113
2022-06-26,MEDICAL,743661.0935251799
2022-06-30,MEDICAL,745598.3139240507
2022-06-30,INTERNATIONAL,764848.0837696336
2022-04-17,EDUCATION,745036.1065989848
2022-04-23,PUBLIC,743261.1869565217
2022-05-17,INVESTMENTS,758178.4519480519
2022-05-23,RESTRAUNT,755586.0323383084
2022-06-10,INTERNATIONAL,747982.2574525746
2022-06-20,RESTRAUNT,740767.0343137255
2022-06-22,INTERNATIONAL,751088.3780487805
2022-04-28,MEDICAL,759990.7828282828
2022-05-29,EDUCATION,762085.4784946237
2022-06-19,MEDICAL,736833.6306532663
2022-04-29,INVESTMENTS,745662.3324175824
2022-05-19,PUBLIC,735868.355721393
2022-07-07,INTERNATIONAL,758169.801980198
2022-04-20,EDUCATION,747881.4289405685
2022-05-15,EDUCATION,748733.6363636364
2022-06-05,INVESTMENTS,763593.7971698113
2022-04-21,PUBLIC,770831.027093596
2022-04-27,PUBLIC,727152.3571428572
2022-05-05,INTERNATIONAL,736890.9924433249
2022-06-25,EDUCATION,752422.2583979329
2022-07-17,EDUCATION,748531.9610389611
2022-04-24,MEDICAL,744063.2773722628
2022-05-19,RETAIL,761530.0661375661
2022-06-20,INVESTMENTS,764061.4356435643
2022-06-22,RETAIL,719527.2345360825
2022-06-30,EDUCATION,782688.9331550802
2022-07-12,RESTRAUNT,772201.2992327366
2022-07-18,RESTRAUNT,765645.3361344538
2022-04-22,RESTRAUNT,743221.282967033
2022-04-24,INTERNATIONAL,744080.8541114058
2022-05-17,RESTRAUNT,741783.2095490716
2022-05-21,PUBLIC,735095.0
2022-05-26,PUBLIC,703240.0275689223
2022-06-26,INTERNATIONAL,748399.9520202021
2022-04-22,INTERNATIONAL,752492.6184210526
2022-05-29,MEDICAL,749657.4447300772
2022-06-02,INTERNATIONAL,735170.6246973366
2022-06-09,INTERNATIONAL,734839.8090452261
2022-04-24,RETAIL,713798.0215053763
2022-05-16,EDUCATION,745553.5037974684
2022-05-29,RESTRAUNT,738031.6616161616
2022-06-24,PUBLIC,757343.6089108911
2022-07-15,INTERNATIONAL,764882.1522309711
2022-06-11,EDUCATION,740800.6071428572
2022-05-03,PUBLIC,748398.2441558442
2022-04-12,EDUCATION,745835.5994623656
2022-05-04,MEDICAL,722183.0452127659
2022-05-10,RETAIL,744888.9124087591
2022-05-30,RETAIL,734093.4701492537
2022-06-15,PUBLIC,770036.8329519451
2022-06-17,INTERNATIONAL,744520.3513513514
2022-07-16,EDUCATION,752237.0295566502
2022-04-27,RETAIL,754525.3730964467
2022-05-12,RESTRAUNT,764268.9900497512
2022-05-22,RETAIL,748764.8770053476
2022-05-25,EDUCATION,744750.281323877
2022-05-31,RETAIL,758010.1650943396
2022-06-13,RETAIL,769124.5115089514
2022-06-24,RETAIL,742838.7799511002
2022-06-27,MEDICAL,727876.9608801956
2022-06-29,EDUCATION,755755.1642156863
2022-05-05,RESTRAUNT,755073.5511811024
2022-05-23,INVESTMENTS,743000.7444717445
2022-07-14,MEDICAL,760292.0952380953
2022-04-19,PUBLIC,776226.5157068063
2022-04-20,INVESTMENTS,736065.6067708334
2022-05-13,INTERNATIONAL,741453.7686567164
2022-05-16,RETAIL,745564.0338541666
2022-05-21,RETAIL,770936.9381720431
2022-06-10,INVESTMENTS,774203.7417721519
2022-07-18,EDUCATION,731869.9208633094
2022-05-18,PUBLIC,754425.8512396694
2022-05-31,INTERNATIONAL,777208.0027472527
2022-06-13,RESTRAUNT,769722.6109785202
2022-07-13,EDUCATION,739303.8943298969
2022-07-19,RESTRAUNT,766416.8174386921
2022-04-25,INTERNATIONAL,753111.9927184467
2022-05-19,RESTRAUNT,753023.1083743842
2022-05-26,INVESTMENTS,744337.6569343066
2022-06-19,INTERNATIONAL,739719.9115281501
2022-05-04,INTERNATIONAL,750375.7879581152
2022-05-28,PUBLIC,749704.144278607
2022-05-30,EDUCATION,722587.8972972973
2022-06-28,EDUCATION,781010.2020202021
2022-07-01,RESTRAUNT,762629.4883720931
2022-07-12,INVESTMENTS,730369.2444444444
2022-04-18,RETAIL,767054.3949367088
2022-05-03,EDUCATION,758525.4602409638
2022-05-05,INVESTMENTS,720542.6497461929
2022-06-28,INTERNATIONAL,742215.2237196766
2022-07-04,INVESTMENTS,776659.3151658768
2022-07-20,RESTRAUNT,753250.0137362637
2022-05-13,MEDICAL,753711.6526054591
2022-06-14,PUBLIC,751060.9028871391
2022-06-27,RETAIL,746292.6899224806
2022-04-13,EDUCATION,750792.4545454546
2022-04-13,INVESTMENTS,723652.7897435897
2022-04-19,EDUCATION,751435.9285714285
2022-05-06,INTERNATIONAL,752208.956185567
2022-06-15,EDUCATION,749055.7694300518
2022-04-12,INVESTMENTS,748185.8567961165
2022-05-03,RESTRAUNT,744077.8030690537
2022-05-06,RETAIL,745887.8063781321
2022-06-17,MEDICAL,758770.8116710875
2022-04-22,RETAIL,745708.9301745635
2022-04-14,RESTRAUNT,762344.2637075718
2022-04-29,MEDICAL,748716.6610169491
2022-05-09,PUBLIC,746723.8833746898
2022-05-28,INTERNATIONAL,777473.0053475936
2022-06-12,INVESTMENTS,746192.2864583334
2022-06-12,RESTRAUNT,753024.7642276423
2022-06-21,MEDICAL,744663.67695962
2022-07-06,EDUCATION,749102.4819587629
2022-07-10,INVESTMENTS,742657.2752525252
2022-04-28,RESTRAUNT,748818.6015831134
2022-06-03,RESTRAUNT,754191.7576530612
2022-04-13,RESTRAUNT,742990.0501193317
2022-04-23,RESTRAUNT,756641.9923076923
2022-06-06,INVESTMENTS,757076.8542713568
2022-06-13,INTERNATIONAL,726915.4519480519
2022-06-10,PUBLIC,747257.724137931
2022-06-14,MEDICAL,758314.9075
2022-07-04,EDUCATION,763245.3325062034
2022-05-07,RESTRAUNT,762617.0171149144
2022-04-14,INVESTMENTS,758740.124069479
2022-04-26,EDUCATION,746062.9855769231
2022-05-11,INTERNATIONAL,756585.1407766991
2022-05-25,PUBLIC,750760.4164524422
2022-05-29,INTERNATIONAL,747608.1322751322
2022-05-21,INTERNATIONAL,739255.6901041666
2022-06-15,INTERNATIONAL,742050.8177083334
2022-04-18,EDUCATION,747010.9228791774
2022-05-06,EDUCATION,745051.9678217822
2022-05-15,RESTRAUNT,771889.1907090464
2022-06-18,INVESTMENTS,745561.5408163265
2022-07-18,RETAIL,758938.4213333334
2022-04-30,RESTRAUNT,739401.4962962962
2022-05-01,MEDICAL,751460.6887755102
2022-05-03,RETAIL,764720.8578553617
2022-05-06,PUBLIC,754654.8140161725
2022-06-28,INVESTMENTS,757871.6076294278
2022-07-06,RETAIL,741143.0
2022-07-18,MEDICAL,758517.6404199474
2022-05-08,RESTRAUNT,778407.3700980392
2022-05-18,RETAIL,726249.4086294416
2022-05-17,EDUCATION,749725.5195402299
2022-06-01,RESTRAUNT,748500.9156908665
2022-06-26,INVESTMENTS,760040.3212560386
2022-07-13,PUBLIC,726783.5693069306
2022-04-28,EDUCATION,760128.271393643
2022-04-14,INTERNATIONAL,747700.9805013927
2022-04-30,INVESTMENTS,744306.717948718
2022-05-25,INTERNATIONAL,753880.2246575343
2022-07-10,RETAIL,745566.3333333334
2022-06-06,MEDICAL,756972.7277227723
2022-07-05,EDUCATION,756082.3625304137
2022-07-19,RETAIL,721639.7453580901
2022-05-24,INVESTMENTS,741030.0878552971
2022-07-14,RESTRAUNT,742386.5699208443
2022-05-07,EDUCATION,739506.6666666666
2022-05-15,MEDICAL,744037.3131578948
2022-05-18,MEDICAL,765133.0478468899
2022-05-22,EDUCATION,747527.9657701711
2022-06-13,MEDICAL,761411.4720812183
2022-06-28,RETAIL,728160.9919571045
2022-07-05,PUBLIC,748984.3852242744
2022-07-13,MEDICAL,724138.890625
2022-05-02,PUBLIC,761918.5707070708
2022-05-06,MEDICAL,765194.4751381215
2022-05-14,EDUCATION,737923.4269141532
2022-06-02,EDUCATION,744352.6590330789
2022-06-20,INTERNATIONAL,746312.8675
2022-06-22,INVESTMENTS,752812.2139175257
2022-06-25,RETAIL,734910.7068062827
2022-07-03,RESTRAUNT,734045.0717948718
2022-07-20,MEDICAL,768933.6739130435
2022-06-27,EDUCATION,727788.9604863222
2022-05-12,EDUCATION,722634.3283950618
2022-06-16,EDUCATION,762074.0924855492
2022-07-19,PUBLIC,760517.236503856
2022-04-18,RESTRAUNT,736449.0958230959
2022-04-29,PUBLIC,747945.895
2022-06-14,RESTRAUNT,772560.4332425068
2022-05-11,INVESTMENTS,745682.7668393783
2022-06-16,PUBLIC,752962.0326633166
2022-07-12,INTERNATIONAL,744444.3729216153
2022-04-18,INVESTMENTS,729985.0673854448
2022-04-24,RESTRAUNT,762208.4483695652
2022-05-20,EDUCATION,750020.1825192802
2022-05-20,MEDICAL,747473.8910614526
2022-06-07,PUBLIC,743229.7662337662
2022-04-22,EDUCATION,749299.0127226464
2022-06-10,RESTRAUNT,760139.4315245477
2022-06-11,MEDICAL,734057.595300261
2022-07-17,RESTRAUNT,741577.7049608355
2022-05-03,MEDICAL,746284.1352040817
2022-05-08,INTERNATIONAL,755474.085399449
2022-05-10,MEDICAL,751610.106442577
2022-05-14,RESTRAUNT,747400.5544303798
2022-07-08,MEDICAL,761715.7164179104
2022-07-18,INTERNATIONAL,740170.4352331606
2022-04-26,RETAIL,769039.6343490304
2022-06-03,EDUCATION,741943.1397590361
2022-06-11,INVESTMENTS,735873.5386533666
2022-04-13,RETAIL,759634.7333333333
2022-04-18,MEDICAL,767623.1268656716
2022-04-20,RESTRAUNT,751350.0784810126
2022-05-02,MEDICAL,756535.6111111111
2022-05-08,MEDICAL,747912.2920560747
2022-05-19,MEDICAL,731225.4986666667
2022-05-28,RESTRAUNT,732710.3580246913
2022-06-08,RETAIL,724564.6035353536
2022-07-02,INTERNATIONAL,756336.3004926108
2022-07-18,PUBLIC,734863.3693045564
2022-06-23,RESTRAUNT,744112.855721393
2022-06-21,EDUCATION,773445.3456790124
2022-06-23,EDUCATION,755196.578005115
2022-06-27,INTERNATIONAL,741788.2068126521
2022-07-14,INTERNATIONAL,749588.4926829268
2022-07-18,INVESTMENTS,771854.9737470167
2022-04-25,RETAIL,754611.5013262599
2022-06-25,INTERNATIONAL,736951.556122449
2022-06-01,MEDICAL,778109.251948052
2022-06-13,PUBLIC,710506.6560846561
2022-06-24,RESTRAUNT,758771.8810679612
2022-07-03,EDUCATION,757784.7067307692
2022-06-04,EDUCATION,729890.8930481283
2022-06-05,RETAIL,764251.5525672372
2022-05-12,INTERNATIONAL,732062.4201474201
2022-07-01,PUBLIC,723995.296875
2022-04-12,RESTRAUNT,762967.7217630855
2022-04-20,MEDICAL,763926.417721519
2022-04-28,INTERNATIONAL,748794.4039408867
2022-05-08,RETAIL,743552.674796748
2022-06-05,INTERNATIONAL,731035.7883211679
2022-06-21,INVESTMENTS,732204.875331565
2022-06-21,INTERNATIONAL,767826.0968586387
2022-07-06,RESTRAUNT,741848.9711286089
2022-05-23,PUBLIC,745018.5854271357
2022-05-28,MEDICAL,764573.4892473118
2022-06-03,INTERNATIONAL,736375.8589420655
2022-05-23,INTERNATIONAL,751456.1804878049
2022-07-13,INVESTMENTS,737422.2942779291
2022-05-25,RETAIL,768243.8040201005
2022-06-20,MEDICAL,757543.38
2022-07-16,RETAIL,763078.3174603175
2022-07-20,INVESTMENTS,748060.8860465116
2022-06-06,RESTRAUNT,738420.8095238095
2022-06-11,PUBLIC,728822.2782369145
2022-06-23,INTERNATIONAL,773080.0974358974
2022-07-02,RETAIL,761352.8223350254
2022-07-07,RETAIL,739194.0075949368
2022-05-26,EDUCATION,744568.5188916876
2022-05-20,PUBLIC,745491.8602150538
2022-06-27,PUBLIC,736385.0967741936
2022-07-05,RESTRAUNT,768692.0570652174
2022-07-13,RESTRAUNT,750666.1042183622
2022-05-10,RESTRAUNT,744724.9905437352
2022-06-20,EDUCATION,768335.702247191
2022-07-15,PUBLIC,750464.8975
2022-04-14,EDUCATION,751659.5823389022
2022-05-01,INTERNATIONAL,748655.27
2022-05-09,RETAIL,755330.8653366583
2022-07-09,MEDICAL,769261.3943298969
2022-05-10,INVESTMENTS,754197.3461538461
2022-06-12,MEDICAL,769239.587628866
2022-07-11,RETAIL,739469.9472295515
2022-06-16,INVESTMENTS,743986.8325358852
2022-06-25,RESTRAUNT,758264.118357488
2022-04-17,INVESTMENTS,721537.3259052925
2022-05-30,INVESTMENTS,752413.9104477612
2022-06-22,RESTRAUNT,732145.5429292929
2022-06-07,RESTRAUNT,744566.1114058355
2022-06-07,INTERNATIONAL,770345.78125
2022-06-25,MEDICAL,734809.800486618
2022-07-20,RETAIL,756553.6886543536
2022-05-02,RETAIL,760047.0
2022-05-22,RESTRAUNT,756816.0128865979
2022-06-13,EDUCATION,737082.9275362319
2022-06-23,RETAIL,747471.7387862797
2022-06-24,INTERNATIONAL,738505.7376623377
2022-07-12,RETAIL,775814.4256410256
2022-05-16,RESTRAUNT,737287.8794326241
2022-06-01,PUBLIC,752894.0877659575
2022-06-16,RESTRAUNT,754635.4360313315
2022-06-17,INVESTMENTS,739593.9945799458
2022-06-20,RETAIL,741964.3031088082
2022-05-09,EDUCATION,786653.4150943396
2022-05-18,INVESTMENTS,764007.1331444759
2022-05-20,RETAIL,752960.9361702128
2022-07-09,RETAIL,737910.3793969849
2022-07-12,EDUCATION,739746.0294840295
2022-07-17,RETAIL,743722.1990521327
2022-05-04,RESTRAUNT,735742.2815013404
2022-05-07,INTERNATIONAL,744670.1481481482
2022-05-07,MEDICAL,759381.6914893617
2022-05-27,INTERNATIONAL,793548.3971291865
2022-06-18,EDUCATION,746536.7530562347
2022-07-12,MEDICAL,737159.7730870713
2022-04-12,RETAIL,762055.8193069306
2022-07-04,MEDICAL,775723.6630434783
2022-05-27,RESTRAUNT,757180.8582474227
2022-05-27,PUBLIC,759007.0997304582
2022-06-26,EDUCATION,740058.3048128342
2022-06-28,PUBLIC,764890.4564220184
2022-04-15,INTERNATIONAL,740250.6701298702
2022-05-10,EDUCATION,768118.0441558441
2022-06-15,MEDICAL,761707.4504950495
2022-07-13,INTERNATIONAL,749127.219941349
2022-05-30,RESTRAUNT,720349.2071823204
2022-06-03,RETAIL,745680.8126520681
2022-07-03,RETAIL,724146.9175
2022-07-08,RESTRAUNT,740481.8905472637
2022-04-15,RESTRAUNT,734222.5518134715
2022-05-16,MEDICAL,758714.3458646616
2022-05-20,INVESTMENTS,755920.7482517483
2022-06-06,INTERNATIONAL,741650.7323232323
2022-07-06,INTERNATIONAL,781156.7979002625
2022-04-14,MEDICAL,733708.3309692672
2022-06-20,PUBLIC,718855.7236180905
2022-04-15,PUBLIC,756535.0248618785
2022-05-07,INVESTMENTS,748403.1460957179
2022-06-06,PUBLIC,760912.7604938272
2022-06-24,MEDICAL,743323.779614325
2022-07-10,EDUCATION,732614.0561497327
2022-07-14,EDUCATION,747862.5040650406
2022-04-26,INVESTMENTS,769838.6666666666
2022-06-15,RESTRAUNT,777350.8347578348
2022-06-29,INVESTMENTS,751486.4843373494
2022-05-08,EDUCATION,746745.7627118644
2022-06-09,RETAIL,759238.838961039
2022-04-27,INVESTMENTS,732421.0244565217
2022-06-15,RETAIL,749577.1755319149
2022-07-06,INVESTMENTS,749110.8804071246
2022-04-27,INTERNATIONAL,771142.3012987013
2022-05-18,EDUCATION,743689.1108374384
2022-06-07,INVESTMENTS,754440.5427872861
2022-04-27,RESTRAUNT,737314.8398058253
2022-07-16,MEDICAL,761941.0737704918
2022-06-29,MEDICAL,750349.8710526315
2022-07-08,EDUCATION,754812.0571428571
2022-04-20,INTERNATIONAL,741491.1617250674
2022-05-15,PUBLIC,750517.6181818182
2022-06-17,EDUCATION,762596.8193717278
2022-04-15,INVESTMENTS,755862.7811704834
2022-05-04,PUBLIC,730174.810741688
2022-05-27,RETAIL,743095.9948586118
2022-07-10,PUBLIC,734826.7444168734
2022-04-17,MEDICAL,754656.5467980296
2022-04-21,EDUCATION,762877.2558746736
2022-05-13,PUBLIC,737404.8300492611
2022-05-14,RETAIL,757488.1671018277
2022-05-17,PUBLIC,758018.2665036675
2022-05-31,RESTRAUNT,793168.0741687979
2022-06-01,RETAIL,757684.4430379746
2022-06-11,RETAIL,729271.3589108911
2022-05-11,EDUCATION,757411.5497512438
2022-07-10,MEDICAL,748425.0523690773
2022-07-17,INVESTMENTS,743590.7105943152
2022-04-19,RESTRAUNT,756937.1295336788
2022-04-21,INVESTMENTS,752363.6701298702
2022-05-13,RESTRAUNT,769462.8795811519
2022-05-21,INVESTMENTS,758065.1029810298
2022-06-14,INTERNATIONAL,738488.1129807692
2022-07-12,PUBLIC,773692.3760445683
2022-05-21,RESTRAUNT,740900.0496277915
2022-05-29,INVESTMENTS,732811.2899262899
2022-05-31,MEDICAL,767489.385786802
2022-06-08,PUBLIC,765161.1263157895
2022-05-23,EDUCATION,745347.3070652174
2022-05-24,PUBLIC,750610.6129032258
2022-05-30,MEDICAL,770592.5585365854
2022-06-21,RESTRAUNT,758522.3394736842
2022-04-15,RETAIL,752426.6977886978
2022-06-07,RETAIL,756785.174386921
2022-06-25,INVESTMENTS,735307.631443299
2022-07-05,RETAIL,765798.0341207349
2022-07-09,RESTRAUNT,754218.6675257732
2022-06-16,RETAIL,762805.3274111676
2022-04-20,PUBLIC,757293.7786259542
2022-07-04,INTERNATIONAL,734830.3988919668
2022-07-07,EDUCATION,758658.3831325301
2022-05-12,MEDICAL,751317.2777777778
2022-07-03,INVESTMENTS,749056.5151515151
2022-05-05,MEDICAL,754158.5224274406
2022-05-23,RETAIL,749311.3059701492
2022-06-15,INVESTMENTS,753800.5990338164
2022-06-28,RESTRAUNT,774576.0406698565
2022-06-29,RESTRAUNT,758339.185082873
2022-05-02,EDUCATION,762053.7713567839
2022-05-27,INVESTMENTS,723774.5903307887
2022-07-01,INVESTMENTS,761719.8989361703
2022-04-24,EDUCATION,742989.2399049881
2022-04-26,INTERNATIONAL,751630.0079575597
2022-06-06,RETAIL,746083.0251889168
2022-07-05,INTERNATIONAL,751868.9581280788
2022-05-06,RESTRAUNT,747351.6710526316
2022-05-15,INTERNATIONAL,759767.9735449735
2022-06-17,RESTRAUNT,770906.1059113301
2022-06-24,INVESTMENTS,764952.607329843
2022-04-19,RETAIL,761501.186440678
2022-05-18,RESTRAUNT,737339.9742990654
2022-06-12,EDUCATION,757877.3633879782
2022-07-14,PUBLIC,758650.2683544303
2022-07-19,INTERNATIONAL,741400.0294117647
2022-04-22,PUBLIC,740697.3268765133
2022-04-28,PUBLIC,739491.5386597938
2022-05-08,INVESTMENTS,770798.9765013055
2022-06-18,RETAIL,757641.3307291666
2022-06-25,PUBLIC,752448.0185185185
2022-07-04,RETAIL,754314.1204481793
2022-07-17,INTERNATIONAL,736084.4664948453
2022-04-21,RESTRAUNT,742830.1670951156
2022-06-10,MEDICAL,762212.6153846154
2022-04-13,MEDICAL,770670.7923076923
2022-04-28,INVESTMENTS,760664.2272727273
2022-05-26,RESTRAUNT,764295.2784810127
2022-05-15,RETAIL,772093.8206388206
2022-06-04,MEDICAL,754408.6489361703
2022-05-02,INTERNATIONAL,734625.164556962
2022-06-17,PUBLIC,738198.4434180139
2022-06-17,RETAIL,739802.7592592592
2022-07-11,EDUCATION,739471.0052356021
2022-04-19,MEDICAL,778885.9175531915
2022-05-19,INVESTMENTS,717261.1645244216
2022-06-19,RESTRAUNT,749132.2718676123
2022-05-07,RETAIL,748197.672823219
2022-05-24,MEDICAL,772465.421446384
2022-07-03,MEDICAL,753312.8085106383
2022-07-05,MEDICAL,745117.71182266
2022-05-04,RETAIL,712916.7602905569
2022-05-27,EDUCATION,752773.9921875
2022-06-30,INVESTMENTS,757346.6700251889
2022-07-14,INVESTMENTS,756737.8467153285
2022-04-26,RESTRAUNT,733066.3703703703
2022-04-30,PUBLIC,760514.8441558442
2022-07-05,INVESTMENTS,722840.4114713217
2022-05-12,INVESTMENTS,740442.9472295515
2022-06-04,INVESTMENTS,753925.3128205128
2022-06-26,PUBLIC,771988.9451371571
2022-07-16,PUBLIC,729688.0045351473
2022-04-30,EDUCATION,767788.3903614458
2022-05-01,PUBLIC,766318.6987654321
2022-06-07,MEDICAL,774502.0559610706
2022-06-08,INVESTMENTS,731698.6407506702
2022-06-21,RETAIL,736525.550387597
2022-07-08,PUBLIC,768319.2616580311
2022-05-01,INVESTMENTS,752472.5699481865
2022-06-03,MEDICAL,737090.41959799
2022-07-06,MEDICAL,759290.7394540943
2022-07-11,INVESTMENTS,746196.6237864078
2022-06-18,INTERNATIONAL,740407.567695962
2022-07-09,PUBLIC,739103.5441176471
2022-04-18,INTERNATIONAL,739722.0813648294
2022-05-14,INVESTMENTS,757016.0579345088
2022-04-15,MEDICAL,744674.9518716577
2022-05-19,INTERNATIONAL,766049.3746958637
2022-05-24,RETAIL,737238.5800524935
2022-05-04,INVESTMENTS,749818.5348258707
2022-05-17,INTERNATIONAL,743162.624
2022-06-09,INVESTMENTS,746104.6751918158
2022-06-16,MEDICAL,754369.1785714285
2022-07-08,INTERNATIONAL,764126.4379746836
2022-04-26,MEDICAL,758609.1557177616
2022-04-30,RETAIL,757087.2237569061
2022-05-07,PUBLIC,737032.6049382716
2022-06-06,EDUCATION,747144.0113314447
2022-04-29,INTERNATIONAL,773392.6904761905
2022-05-02,INVESTMENTS,768427.3391959799
2022-04-12,PUBLIC,734672.9772727273
2022-04-13,INTERNATIONAL,755212.0357142857
2022-04-14,RETAIL,753628.9539951574
2022-05-13,EDUCATION,752573.7661097852
2022-05-28,INVESTMENTS,760982.4449648712
2022-07-08,RETAIL,737742.3606138107
2022-04-14,PUBLIC,749469.3295454546
2022-04-23,INTERNATIONAL,734591.1303191489
2022-05-25,MEDICAL,753040.0257069409
2022-06-18,RESTRAUNT,739765.987804878
2022-07-09,INTERNATIONAL,756039.2222222222
2022-07-15,RETAIL,753371.9567567568
2022-05-12,RETAIL,742034.2213740458
2022-06-29,PUBLIC,749047.4426229508
2022-04-26,PUBLIC,757862.4949748744
2022-06-08,MEDICAL,755448.1670822942
2022-08-02,RETAIL,791252.5794871795
2022-10-12,INVESTMENTS,739528.7923076923
2022-07-23,RESTRAUNT,735000.3380614658
2022-07-29,RETAIL,733550.8816705337
2022-08-25,EDUCATION,750671.6485148515
2022-09-17,INTERNATIONAL,760046.476426799
2022-09-26,EDUCATION,779745.065
2022-10-17,EDUCATION,749547.0821917808
2022-10-22,RESTRAUNT,761911.3931203932
2022-10-26,RESTRAUNT,758012.3757062147
2022-08-19,PUBLIC,746155.373433584
2022-08-02,INTERNATIONAL,747922.2389162561
2022-08-22,EDUCATION,744646.4494949495
2022-08-28,RESTRAUNT,739315.0761154855
2022-09-30,PUBLIC,765491.206185567
2022-10-01,RESTRAUNT,747098.0371229699
2022-10-03,PUBLIC,732576.7810810811
2022-07-27,RETAIL,760295.1154791155
2022-08-26,INVESTMENTS,757779.6641791045
2022-09-09,INVESTMENTS,741273.6828644502
2022-08-10,PUBLIC,733145.0344827586
2022-08-16,MEDICAL,744879.6898263027
2022-09-29,MEDICAL,744539.0168674699
2022-07-23,MEDICAL,745437.2374670184
2022-09-14,MEDICAL,749241.1325301204
2022-10-24,RESTRAUNT,770547.0123762377
2022-07-30,RETAIL,750254.8232323233
2022-07-30,INVESTMENTS,719716.5083333333
2022-08-17,MEDICAL,753047.0334190232
2022-08-17,INTERNATIONAL,743211.6255924171
2022-08-24,PUBLIC,749644.0606060605
2022-08-29,PUBLIC,733457.4613466334
2022-10-09,EDUCATION,758292.2559366755
2022-07-29,INVESTMENTS,777623.7376623377
2022-08-11,INTERNATIONAL,759283.2593516209
2022-08-17,PUBLIC,726584.2349726775
2022-09-12,RESTRAUNT,739044.5191256831
2022-09-28,PUBLIC,736092.7371134021
2022-09-30,RESTRAUNT,745768.4311688312
2022-08-22,INTERNATIONAL,746315.4675324676
2022-09-22,INTERNATIONAL,761935.2743142145
2022-10-06,EDUCATION,729888.9487804878
2022-10-13,INVESTMENTS,766760.7174447174
2022-10-15,RETAIL,760097.4048780488
2022-08-13,RETAIL,760427.4862842893
2022-08-14,INVESTMENTS,761820.0513513513
2022-10-18,INVESTMENTS,742111.7493606138
2022-08-19,RESTRAUNT,741761.7346437346
2022-09-01,PUBLIC,762939.6201117318
2022-10-09,INVESTMENTS,743756.662303665
2022-10-14,PUBLIC,756185.0
2022-10-26,PUBLIC,768736.8510158013
2022-10-26,INTERNATIONAL,750809.904040404
2022-07-28,RESTRAUNT,742695.1243902439
2022-10-04,PUBLIC,758027.2151589242
2022-09-14,INTERNATIONAL,738165.8342105263
2022-09-23,RESTRAUNT,740032.7653061225
2022-10-02,INTERNATIONAL,753503.8114754099
2022-10-02,RESTRAUNT,744227.6805194805
2022-08-12,EDUCATION,725629.437037037
2022-09-25,PUBLIC,763107.2
2022-08-07,RETAIL,766778.398989899
2022-08-22,PUBLIC,750331.331632653
2022-10-10,INTERNATIONAL,750756.4864864865
2022-10-18,EDUCATION,744413.5257731959
2022-09-01,MEDICAL,737986.4785894207
2022-07-27,INVESTMENTS,770938.5572916666
2022-07-29,INTERNATIONAL,752043.1383812011
2022-08-08,RESTRAUNT,740470.4974358975
2022-09-04,INVESTMENTS,752650.4869791666
2022-07-22,PUBLIC,762643.3033419023
2022-08-24,MEDICAL,771268.0658227848
2022-08-31,MEDICAL,743981.3671497585
2022-09-20,RETAIL,763562.1852861035
2022-10-24,INVESTMENTS,754559.7962466488
2022-07-21,INVESTMENTS,738940.9722991689
2022-09-18,MEDICAL,765337.874015748
2022-09-30,INTERNATIONAL,739654.5510752688
2022-10-01,INVESTMENTS,742660.5594059406
2022-07-24,PUBLIC,757827.3007712082
2022-08-28,INVESTMENTS,721866.8115183247
2022-09-08,INVESTMENTS,742222.2983870967
2022-10-16,INTERNATIONAL,768174.7472826086
2022-07-28,INTERNATIONAL,756625.639896373
2022-08-09,EDUCATION,748256.8691099477
2022-09-29,INVESTMENTS,752048.7413793104
2022-10-09,RESTRAUNT,734464.9536082475
2022-08-07,INTERNATIONAL,766443.6892230576
2022-08-17,RESTRAUNT,778007.0981912145
2022-09-19,RETAIL,748277.6195652174
2022-08-28,EDUCATION,747976.9702233251
2022-09-17,RETAIL,729432.377260982
2022-10-03,RETAIL,722623.7058823529
2022-10-03,EDUCATION,747785.3228346456
2022-10-20,INVESTMENTS,748331.0902439024
2022-08-04,INTERNATIONAL,764386.7903614457
2022-08-08,MEDICAL,763934.6296296297
2022-08-16,INVESTMENTS,777228.6689814815
2022-08-31,RETAIL,739965.1979695432
2022-09-11,INVESTMENTS,756408.4396984924
2022-10-10,INVESTMENTS,737317.1846965699
2022-10-16,RESTRAUNT,749422.7400990099
2022-08-28,RETAIL,747583.8907363421
2022-09-27,MEDICAL,749738.8921568628
2022-09-10,EDUCATION,762888.1768707483
2022-09-22,MEDICAL,744589.3383838384
2022-07-29,PUBLIC,763056.967254408
2022-08-05,RETAIL,736789.2351421189
2022-09-10,RESTRAUNT,779689.8994708995
2022-08-24,RETAIL,772577.0130548303
2022-09-14,PUBLIC,750020.0343007916
2022-10-13,RETAIL,769207.5459057072
2022-10-22,RETAIL,735149.750629723
2022-08-03,INVESTMENTS,743738.2336956522
2022-08-18,MEDICAL,743575.8535980149
2022-08-03,RETAIL,761575.8703241895
2022-09-07,INVESTMENTS,749404.2024691358
2022-09-23,EDUCATION,744114.3246073298
2022-08-03,EDUCATION,768830.0358056267
2022-09-25,INTERNATIONAL,755994.559907834
2022-10-21,INTERNATIONAL,761590.9043062201
2022-08-03,INTERNATIONAL,759730.641943734
2022-08-19,MEDICAL,760275.6025641026
2022-08-29,RESTRAUNT,746926.5544303798
2022-09-21,MEDICAL,753469.1192411924
2022-09-27,INTERNATIONAL,750170.8177458034
2022-07-31,PUBLIC,739747.4234693878
2022-09-05,PUBLIC,760942.854961832
2022-08-18,PUBLIC,739774.3603351956
2022-08-18,INTERNATIONAL,752754.3482587065
2022-09-20,INVESTMENTS,749631.3746835443
2022-10-23,INTERNATIONAL,762032.3756345178
2022-07-26,RESTRAUNT,756598.6401028278
2022-08-25,PUBLIC,768927.2671568628
2022-08-22,MEDICAL,761430.4394366198
2022-07-25,EDUCATION,754048.548628429
2022-09-05,EDUCATION,738616.8693467337
2022-09-12,INTERNATIONAL,735044.6300448431
2022-10-24,EDUCATION,742011.6275
2022-10-13,PUBLIC,759705.5423728813
2022-10-15,PUBLIC,757102.6913580247
2022-09-06,RETAIL,754697.9356435643
2022-09-13,INVESTMENTS,752796.4818401937
2022-10-25,PUBLIC,784667.9481132076
2022-08-26,MEDICAL,738970.5721649484
2022-09-05,INTERNATIONAL,754828.2773536895
2022-07-29,RESTRAUNT,745937.8128205128
2022-08-09,MEDICAL,756189.0048899755
2022-09-09,EDUCATION,733601.5012658228
2022-09-27,INVESTMENTS,770092.0865921788
2022-10-14,INTERNATIONAL,736310.9178082192
2022-07-26,INTERNATIONAL,744191.6912114014
2022-09-15,INTERNATIONAL,755485.328358209
2022-10-07,INTERNATIONAL,748973.2939698492
2022-10-10,PUBLIC,751057.929113924
2022-10-13,MEDICAL,760668.1586021505
2022-10-17,INVESTMENTS,752777.1964735517
2022-08-08,INVESTMENTS,728143.2192513369
2022-09-07,INTERNATIONAL,739815.3954081633
2022-10-18,PUBLIC,748865.6734693878
2022-10-21,INVESTMENTS,732627.6476426799
2022-10-29,PUBLIC,767972.4194312796
2022-07-21,RESTRAUNT,760907.1708542714
2022-08-06,MEDICAL,741725.6602870814
2022-10-17,PUBLIC,726442.3225806452
2022-08-04,PUBLIC,748629.411111111
2022-08-06,RETAIL,752943.1532467533
2022-07-30,PUBLIC,740077.9539641944
2022-08-24,INTERNATIONAL,762937.1425
2022-08-29,RETAIL,753595.2606382979
2022-08-30,INVESTMENTS,739576.2338308458
2022-10-13,RESTRAUNT,762133.9362244898
2022-07-26,RETAIL,761957.2802056555
2022-08-10,INVESTMENTS,726872.1566579634
2022-08-14,PUBLIC,733716.0102301791
2022-08-30,MEDICAL,735243.2978142076
2022-09-11,RETAIL,789156.8975
2022-09-30,RETAIL,731891.1302325581
2022-10-08,EDUCATION,747642.7794117647
2022-10-09,INTERNATIONAL,751526.0958230959
2022-10-20,INTERNATIONAL,772233.5294117647
2022-08-03,PUBLIC,753207.3590425532
2022-08-19,INTERNATIONAL,757436.376
2022-10-08,MEDICAL,737614.8459459459
2022-08-17,RETAIL,741675.6211031175
2022-08-24,EDUCATION,772586.8320610687
2022-09-28,RETAIL,757802.039408867
2022-10-04,RETAIL,745148.3235294118
2022-08-23,INTERNATIONAL,733535.9744245524
2022-09-07,MEDICAL,759835.3799019608
2022-10-15,INVESTMENTS,749326.6446700507
2022-08-21,RETAIL,736671.5668316832
2022-09-12,MEDICAL,764052.6054794521
2022-09-29,PUBLIC,752737.4403669725
2022-10-06,RESTRAUNT,736341.7243107769
2022-08-26,RETAIL,788274.7875647668
2022-09-16,INTERNATIONAL,755430.881443299
2022-09-22,RESTRAUNT,722967.6946564886
2022-09-25,RETAIL,730514.5698630137
2022-07-27,INTERNATIONAL,742648.631043257
2022-08-11,PUBLIC,755888.53125
2022-09-03,INVESTMENTS,771317.0389294404
2022-10-11,PUBLIC,737523.5525
2022-08-26,EDUCATION,741194.445026178
2022-10-05,INVESTMENTS,742280.5489690722
2022-08-04,RESTRAUNT,765546.1374045801
2022-08-07,RESTRAUNT,763967.4111675126
2022-08-26,INTERNATIONAL,749348.7173913043
2022-09-24,INTERNATIONAL,760410.9363867685
2022-08-16,PUBLIC,754042.6888297872
2022-07-22,RESTRAUNT,758713.8483290488
2022-07-25,INVESTMENTS,740888.325
2022-08-14,INTERNATIONAL,738790.8179419525
2022-09-08,EDUCATION,749270.4827586206
2022-09-15,RETAIL,734162.6189258312
2022-09-18,PUBLIC,762893.7657004831
2022-10-18,RETAIL,750546.216080402
2022-10-27,INVESTMENTS,746464.5856353592
2022-07-28,RETAIL,743732.5069252078
2022-08-07,MEDICAL,737758.5584415584
2022-08-12,RETAIL,734106.4145658263
2022-09-07,RESTRAUNT,729822.2777777778
2022-10-15,EDUCATION,744449.7146529563
2022-07-29,EDUCATION,753535.9122340425
2022-08-22,INVESTMENTS,739535.7709359606
2022-09-24,RETAIL,747711.25
2022-09-27,RESTRAUNT,757856.8034825871
2022-10-14,RESTRAUNT,740213.694117647
2022-08-01,INTERNATIONAL,762305.1391076115
2022-08-23,RETAIL,734418.7882653062
2022-09-26,RETAIL,752081.0835579515
2022-09-28,MEDICAL,730349.0175
2022-10-03,INVESTMENTS,764395.2845303868
2022-08-12,RESTRAUNT,755089.5777202073
2022-08-26,PUBLIC,753072.2234332425
2022-09-13,MEDICAL,760189.6272965879
2022-07-29,MEDICAL,777534.3435897436
2022-08-25,INTERNATIONAL,765738.6266666667
2022-09-26,INTERNATIONAL,748610.2881355932
2022-10-07,MEDICAL,778213.592875318
2022-10-09,RETAIL,755110.0323383084
2022-10-10,MEDICAL,731778.7593457944
2022-10-15,RESTRAUNT,746631.948787062
2022-10-26,MEDICAL,771192.7532808399
2022-08-02,PUBLIC,771836.2506459948
2022-09-05,RETAIL,757532.1366906475
2022-09-26,RESTRAUNT,736042.3169533169
2022-10-08,INVESTMENTS,758340.212264151
2022-08-29,INTERNATIONAL,762655.9002375297
2022-09-21,EDUCATION,751203.7926267281
2022-09-04,PUBLIC,727674.6325
2022-09-12,PUBLIC,757886.9223300971
2022-10-28,PUBLIC,752759.0382653062
2022-08-10,EDUCATION,741407.649867374
2022-09-09,MEDICAL,747449.5213903743
2022-09-28,INVESTMENTS,750366.0076726343
2022-07-28,PUBLIC,723309.6234413965
2022-08-08,INTERNATIONAL,774493.9946666667
2022-09-07,EDUCATION,753018.7619047619
2022-09-29,RETAIL,757796.7255936676
2022-07-21,MEDICAL,745702.1262626263
2022-07-28,MEDICAL,756166.1619537275
2022-09-06,MEDICAL,777501.2754342431
2022-09-14,RETAIL,745142.2888888889
2022-09-19,EDUCATION,746879.6895674301
2022-09-21,INTERNATIONAL,740282.7780429594
2022-07-26,PUBLIC,750070.0893300248
2022-08-20,INTERNATIONAL,734439.0381679389
2022-09-04,RETAIL,764769.9595959596
2022-09-29,RESTRAUNT,747297.99031477
2022-10-01,PUBLIC,748440.7326732674
2022-10-03,MEDICAL,747104.7139037433
2022-10-16,PUBLIC,756934.7624020887
2022-10-26,INVESTMENTS,752108.8786279684
2022-07-22,EDUCATION,741321.869879518
2022-07-25,INTERNATIONAL,758184.5082872928
2022-08-18,INVESTMENTS,750796.9784172662
2022-09-05,MEDICAL,764710.9459459459
2022-09-12,RETAIL,753131.3678474114
2022-09-18,RETAIL,756017.603286385
2022-09-25,MEDICAL,730210.7829268293
2022-10-09,MEDICAL,732237.5552560646
2022-08-11,EDUCATION,756805.8357142857
2022-10-22,PUBLIC,731093.9914529915
2022-09-17,RESTRAUNT,739338.1020942408
2022-10-12,MEDICAL,740801.4847775176
2022-10-24,PUBLIC,757546.4137115839
2022-08-05,EDUCATION,749837.7080291971
2022-08-27,INTERNATIONAL,728602.769751693
2022-09-16,EDUCATION,735691.0777479893
2022-09-27,EDUCATION,795929.7493734335
2022-10-01,RETAIL,729599.6616314199
2022-10-23,EDUCATION,755967.2373737374
2022-09-22,EDUCATION,745549.112
2022-07-21,INTERNATIONAL,734118.064935065
2022-07-23,INTERNATIONAL,747230.9434889435
2022-07-25,MEDICAL,753145.8456057007
2022-08-01,RETAIL,744714.6386768448
2022-09-19,RESTRAUNT,754652.695
2022-10-02,MEDICAL,757250.6582278481
2022-10-07,INVESTMENTS,771667.645945946
2022-09-02,EDUCATION,728587.974025974
2022-09-21,RESTRAUNT,779586.4582210243
2022-10-05,RETAIL,758528.9974937344
2022-08-23,RESTRAUNT,726464.8056994819
2022-09-06,PUBLIC,725773.8266033254
2022-10-15,MEDICAL,756779.8028503563
2022-07-23,RETAIL,746307.8784530386
2022-07-26,INVESTMENTS,750408.3195592286
2022-07-31,MEDICAL,763755.23573201
2022-08-02,RESTRAUNT,747324.5956416465
2022-08-28,INTERNATIONAL,764918.3349633252
2022-09-03,INTERNATIONAL,745630.3697270472
2022-09-16,MEDICAL,750498.7153652393
2022-10-19,EDUCATION,757005.1512820512
2022-07-21,PUBLIC,738415.528436019
2022-09-17,EDUCATION,748354.2330827068
2022-09-29,EDUCATION,756118.7736318408
2022-10-08,RESTRAUNT,759464.8005540166
2022-07-24,INVESTMENTS,767948.2073170731
2022-08-18,RETAIL,741880.2931937173
2022-07-31,INVESTMENTS,746669.8629441625
2022-08-03,RESTRAUNT,753196.895140665
2022-08-19,RETAIL,769594.2675324675
2022-08-20,INVESTMENTS,746912.5754475703
2022-09-11,RESTRAUNT,760912.4858611826
2022-09-16,RETAIL,756450.0317073171
2022-10-25,INVESTMENTS,769087.4120603015
2022-10-06,MEDICAL,755501.1158690177
2022-10-12,INTERNATIONAL,781394.3368983957
2022-09-19,INVESTMENTS,746967.9743589744
2022-09-25,RESTRAUNT,760962.9234693878
2022-09-27,RETAIL,725341.1891891892
2022-07-31,RETAIL,758020.6537396122
2022-08-15,RETAIL,738864.9851851852
2022-10-27,PUBLIC,755314.0829493088
2022-07-21,RETAIL,743004.8888888889
2022-10-11,RETAIL,751418.6109785202
2022-10-19,PUBLIC,757267.327027027
2022-10-22,INVESTMENTS,748264.1581632653
2022-08-25,MEDICAL,750535.0183246073
2022-08-31,INTERNATIONAL,762575.9452736318
2022-09-17,PUBLIC,731193.5333333333
2022-08-06,EDUCATION,769977.5945273632
2022-08-20,RETAIL,765581.5310880829
2022-09-09,RETAIL,735313.7451923077
2022-09-09,INTERNATIONAL,736798.0827423168
2022-09-20,RESTRAUNT,745337.4219114219
2022-10-21,RETAIL,733500.320855615
2022-10-22,MEDICAL,732584.8094059406
2022-09-26,MEDICAL,752141.858974359
2022-08-11,INVESTMENTS,751268.3252688173
2022-09-15,INVESTMENTS,720491.4863387978
2022-10-24,INTERNATIONAL,745832.0971867008
2022-10-29,INTERNATIONAL,746587.7461928934
2022-08-15,RESTRAUNT,736428.1770573566
2022-08-27,MEDICAL,757178.1259259259
2022-09-20,INTERNATIONAL,728053.68
2022-09-23,RETAIL,761027.7914438503
2022-09-26,INVESTMENTS,780036.072386059
2022-07-30,INTERNATIONAL,759404.8217054263
2022-08-02,EDUCATION,752821.8537234042
2022-10-27,EDUCATION,756596.3445595854
2022-07-27,RESTRAUNT,745786.4933333333
2022-09-13,EDUCATION,749463.1072319202
2022-10-04,RESTRAUNT,748243.0073891626
2022-10-14,EDUCATION,751197.9562982005
2022-07-25,RESTRAUNT,769761.5066666667
2022-08-17,INVESTMENTS,756436.5759162303
2022-08-29,EDUCATION,760359.6762402089
2022-09-19,PUBLIC,737365.9027431421
2022-10-18,MEDICAL,739499.9104859335
2022-10-27,RESTRAUNT,757955.2033898305
2022-08-01,EDUCATION,748804.2253164557
2022-08-12,PUBLIC,748608.0361445784
2022-08-27,PUBLIC,754845.4946524064
2022-09-02,RETAIL,755367.6
2022-08-04,EDUCATION,759412.7530864198
2022-10-03,INTERNATIONAL,755110.9627906977
2022-10-13,INTERNATIONAL,752705.817948718
2022-08-01,MEDICAL,748940.334987593
2022-08-05,RESTRAUNT,758310.0208877284
2022-08-12,INTERNATIONAL,763360.3740259741
2022-08-31,INVESTMENTS,734944.4805555556
2022-08-21,PUBLIC,751504.3952254641
2022-09-24,PUBLIC,772189.6592178771
2022-10-14,MEDICAL,750679.8833333333
2022-10-16,EDUCATION,742817.674074074
2022-10-23,MEDICAL,727412.9018567639
2022-10-27,RETAIL,746748.6112469438
2022-08-24,INVESTMENTS,743267.4974489796
2022-09-12,EDUCATION,744965.0236220473
2022-10-05,EDUCATION,754350.7294429708
2022-09-01,RETAIL,736847.0967741936
2022-10-09,PUBLIC,762828.8534278959
2022-08-06,PUBLIC,767474.9404145078
2022-10-02,INVESTMENTS,778860.5364583334
2022-10-17,INTERNATIONAL,741471.6693121693
2022-10-27,MEDICAL,742177.3855721393
2022-08-13,MEDICAL,743214.387409201
2022-08-29,INVESTMENTS,750859.8426666667
2022-09-04,RESTRAUNT,738850.4422604423
2022-09-16,INVESTMENTS,788052.5037220843
2022-07-24,RESTRAUNT,755199.8125
2022-10-04,MEDICAL,755466.4423592493
2022-10-08,PUBLIC,767562.6193853428
2022-08-25,RETAIL,755144.4950248756
2022-10-14,INVESTMENTS,768453.3324468085
2022-08-12,INVESTMENTS,755426.6177884615
2022-08-12,MEDICAL,745969.3711340206
2022-08-15,EDUCATION,729571.134292566
2022-10-11,EDUCATION,743006.0894308944
2022-10-13,EDUCATION,741766.9093333334
2022-08-07,INVESTMENTS,783394.9699453552
2022-08-22,RESTRAUNT,750502.0952380953
2022-09-25,INVESTMENTS,745704.6863270778
2022-10-12,PUBLIC,763642.6343283582
2022-08-01,PUBLIC,756357.9301745635
2022-08-15,PUBLIC,770170.1521197008
2022-09-29,INTERNATIONAL,740834.4679665738
2022-10-01,INTERNATIONAL,778883.672823219
2022-10-04,EDUCATION,740685.2481751825
2022-10-20,RETAIL,740295.087628866
2022-10-28,RESTRAUNT,736862.6853658537
2022-08-05,PUBLIC,737802.7684210526
2022-09-10,PUBLIC,762298.2860696517
2022-10-10,RETAIL,743633.8353221957
2022-10-19,RESTRAUNT,736754.0541871921
2022-10-19,RETAIL,774194.7328431372
2022-08-27,INVESTMENTS,751324.184079602
2022-08-30,INTERNATIONAL,732578.0171568628
2022-10-28,EDUCATION,740311.1806615776
2022-08-24,RESTRAUNT,774097.0737913486
2022-09-09,RESTRAUNT,721114.3818681319
2022-09-16,PUBLIC,768513.9020618557
2022-10-29,INVESTMENTS,764359.4655647383
2022-09-06,INVESTMENTS,756855.8506666666
2022-09-13,RESTRAUNT,758805.9325581396
2022-10-23,INVESTMENTS,744824.4314720812
2022-08-09,PUBLIC,760930.502631579
2022-08-23,INVESTMENTS,755489.5178147268
2022-08-27,RETAIL,750538.5057142858
2022-10-07,RESTRAUNT,755170.0098522167
2022-10-17,RESTRAUNT,728260.9125964011
2022-09-30,MEDICAL,752325.6951871658
2022-07-27,EDUCATION,755976.9142857143
2022-09-03,MEDICAL,745071.7373737374
2022-10-02,PUBLIC,766004.7080291971
2022-08-20,EDUCATION,734553.9588688946
2022-09-16,RESTRAUNT,745573.6463104326
2022-10-29,MEDICAL,760749.4395886889
2022-08-06,INTERNATIONAL,775107.0257731959
2022-08-20,MEDICAL,734259.2243902439
2022-08-21,INVESTMENTS,736922.1343283582
2022-08-08,RETAIL,727046.1529745043
2022-08-27,EDUCATION,738793.8594594594
2022-08-31,EDUCATION,742186.2936893204
2022-09-05,INVESTMENTS,758101.8056265984
2022-09-09,PUBLIC,751151.0745501285
2022-09-11,INTERNATIONAL,761928.7281795511
2022-10-14,RETAIL,751887.9656862745
2022-07-26,EDUCATION,751966.7058823529
2022-10-04,INTERNATIONAL,721884.6153846154
2022-10-17,MEDICAL,751191.7245657569
2022-07-27,MEDICAL,767460.7969924812
2022-08-07,EDUCATION,765318.0
2022-08-14,MEDICAL,750137.126984127
2022-08-30,RETAIL,765290.5775656324
2022-09-10,INTERNATIONAL,758578.7075718016
2022-09-18,EDUCATION,773651.4119241192
2022-09-22,RETAIL,731568.151589242
2022-07-25,RETAIL,749195.234332425
2022-09-14,INVESTMENTS,750398.0287769784
2022-09-22,PUBLIC,756870.8221649484
2022-10-26,RETAIL,763051.6815789473
2022-08-21,INTERNATIONAL,763061.9971988796
2022-09-04,MEDICAL,752063.7301980198
2022-09-21,INVESTMENTS,733220.6370192308
2022-10-01,EDUCATION,757518.8030690537
2022-10-06,INTERNATIONAL,768419.0248138958
2022-08-23,PUBLIC,725464.8976982097
2022-10-06,PUBLIC,744785.3464566929
2022-10-28,MEDICAL,758346.5248756219
2022-08-18,EDUCATION,754581.3173333333
2022-08-21,RESTRAUNT,733506.4633507853
2022-08-28,MEDICAL,768783.3115183247
2022-10-23,RETAIL,756441.5374331551
2022-08-01,RESTRAUNT,791426.286111111
2022-08-02,MEDICAL,751289.206632653
2022-09-24,RESTRAUNT,727826.3475
2022-10-02,EDUCATION,758134.0414634147
2022-07-23,PUBLIC,752047.5482233502
2022-08-19,INVESTMENTS,740782.3069306931
2022-10-02,RETAIL,747037.6583541147
2022-07-22,INVESTMENTS,754309.3942992875
2022-07-28,INVESTMENTS,738031.269035533
2022-08-10,RESTRAUNT,769078.7361809046
2022-08-28,PUBLIC,770060.1176470588
2022-10-20,MEDICAL,746437.0574412532
2022-08-09,INVESTMENTS,765953.2261306533
2022-08-20,PUBLIC,766897.5475
2022-09-15,EDUCATION,760601.6243523316
2022-07-30,EDUCATION,776815.0537084399
2022-09-02,MEDICAL,750093.1675
2022-09-22,INVESTMENTS,758087.7
2022-10-20,RESTRAUNT,744854.4897959183
2022-08-17,EDUCATION,779440.2596401029
2022-10-20,EDUCATION,773880.7465564738
2022-10-22,INTERNATIONAL,746872.4228971963
2022-08-05,INVESTMENTS,735494.139896373
2022-08-11,RESTRAUNT,768236.2896725441
2022-10-21,MEDICAL,712887.9928571428
2022-07-25,PUBLIC,758181.292746114
2022-08-30,EDUCATION,755199.854961832
2022-08-31,RESTRAUNT,741883.2574525746
2022-09-01,RESTRAUNT,747970.8891752578
2022-09-26,PUBLIC,776888.7713567839
2022-08-20,RESTRAUNT,748990.0600522193
2022-10-21,EDUCATION,759923.1587301587
2022-10-28,INVESTMENTS,756855.2054054054
2022-07-23,INVESTMENTS,750344.7026315789
2022-09-17,INVESTMENTS,752779.0078125
2022-10-06,RETAIL,771998.0318302388
2022-10-10,RESTRAUNT,752174.2959183673
2022-10-16,RETAIL,750821.4379562044
2022-07-31,RESTRAUNT,753309.1703703704
2022-09-20,PUBLIC,766641.1292875989
2022-07-24,EDUCATION,758666.8374655647
2022-09-01,INVESTMENTS,753670.4516908212
2022-10-28,INTERNATIONAL,738963.0809399477
2022-08-02,INVESTMENTS,748582.9536082475
2022-10-07,PUBLIC,743242.9472222222
2022-10-15,INTERNATIONAL,750895.0220994476
2022-07-31,INTERNATIONAL,767614.3242574257
2022-09-02,PUBLIC,753083.9713541666
2022-09-05,RESTRAUNT,749929.7846153846
2022-10-16,INVESTMENTS,725837.9393939395
2022-08-30,PUBLIC,723550.7049180327
2022-09-02,RESTRAUNT,725104.7799511002
2022-10-05,INTERNATIONAL,742160.1635883905
2022-10-29,RESTRAUNT,724265.0792079208
2022-08-08,EDUCATION,756530.3333333334
2022-08-27,RESTRAUNT,729097.6446078431
2022-10-19,MEDICAL,744797.0594059406
2022-10-19,INVESTMENTS,769877.4185463659
2022-09-03,RESTRAUNT,769351.4510739857
2022-09-13,PUBLIC,755483.5945945946
2022-08-04,RETAIL,742198.0883838384
2022-08-06,RESTRAUNT,748233.992
2022-08-14,RETAIL,772996.5382653062
2022-09-25,EDUCATION,723044.6870229008
2022-10-22,EDUCATION,743509.5335120644
2022-08-08,PUBLIC,756307.7913669065
2022-10-12,RETAIL,746694.6778350516
2022-10-27,INTERNATIONAL,752837.1950617284
2022-08-10,MEDICAL,739007.6783919598
2022-08-15,INVESTMENTS,745144.0913705584
2022-09-04,INTERNATIONAL,751101.3038961039
2022-09-30,INVESTMENTS,745616.5860465117
2022-10-10,EDUCATION,734497.2032520325
2022-07-22,RETAIL,746084.4094488189
2022-08-14,EDUCATION,744129.2030075188
2022-09-03,EDUCATION,779089.6300268096
2022-09-06,RESTRAUNT,744736.8897849462
2022-09-13,RETAIL,735593.0105263158
2022-08-10,INTERNATIONAL,765460.8452088452
2022-08-16,RESTRAUNT,765229.9222797927
2022-08-22,RETAIL,735698.3890214798
2022-09-10,MEDICAL,741390.9974358975
2022-09-23,MEDICAL,726198.0691358024
2022-10-06,INVESTMENTS,724880.5168831169
2022-10-11,MEDICAL,749617.1413333333
2022-07-24,MEDICAL,771217.7811764706
2022-08-25,INVESTMENTS,757117.5
2022-09-01,EDUCATION,761205.4418604651
2022-10-11,INTERNATIONAL,747607.2603092784
2022-07-23,EDUCATION,734208.1154791155
2022-09-11,EDUCATION,740477.7234042553
2022-10-05,RESTRAUNT,751373.6150121065
2022-10-19,INTERNATIONAL,740759.2933333333
2022-10-21,RESTRAUNT,722073.0592991913
2022-08-01,INVESTMENTS,770566.8639618139
2022-08-09,RESTRAUNT,727504.5725388601
2022-10-11,INVESTMENTS,756688.7419354839
2022-08-18,RESTRAUNT,734507.869879518
2022-09-14,EDUCATION,736516.6948356808
2022-10-12,RESTRAUNT,751556.1196808511
2022-08-04,MEDICAL,748937.0615384616
2022-08-16,INTERNATIONAL,738791.2955145119
2022-09-18,INTERNATIONAL,732207.4195250659
2022-10-18,RESTRAUNT,744789.8125
2022-10-25,INTERNATIONAL,758329.2092457421
2022-08-23,MEDICAL,762708.9394673123
2022-08-29,MEDICAL,789750.4912718205
2022-09-10,RETAIL,759722.5585106383
2022-09-15,RESTRAUNT,759918.2150259067
2022-09-21,PUBLIC,733831.2697947214
2022-07-22,INTERNATIONAL,748406.7886178861
2022-08-06,INVESTMENTS,743578.9020100503
2022-08-11,MEDICAL,742146.5130208334
2022-09-12,INVESTMENTS,713226.665060241
2022-10-01,MEDICAL,741075.9878640777
2022-10-23,RESTRAUNT,757380.8661616162
2022-10-24,RETAIL,726136.0820895522
2022-07-24,INTERNATIONAL,743128.3367346938
2022-08-04,INVESTMENTS,753132.7684478371
2022-09-18,RESTRAUNT,759311.3163017032
2022-10-04,INVESTMENTS,765996.5447761194
2022-10-07,EDUCATION,741377.5416666666
2022-08-11,RETAIL,737721.2016574586
2022-08-16,EDUCATION,746085.3110539846
2022-09-06,EDUCATION,765921.2860892388
2022-09-28,EDUCATION,757162.0103896104
2022-09-24,EDUCATION,742422.4145728643
2022-09-30,EDUCATION,779440.4664879356
2022-08-14,RESTRAUNT,758025.8803611738
2022-08-23,EDUCATION,754615.6508379888
2022-09-17,MEDICAL,774597.3443877551
2022-08-09,RETAIL,756570.4332493703
2022-09-15,MEDICAL,748491.3367346938
2022-09-21,RETAIL,761092.1119402985
2022-09-24,INVESTMENTS,734964.213592233
2022-10-23,PUBLIC,767004.106888361
2022-08-21,MEDICAL,751631.2336683417
2022-09-01,INTERNATIONAL,745590.9440203563
2022-09-02,INVESTMENTS,760935.7208672087
2022-10-20,PUBLIC,744919.8872549019
2022-10-25,MEDICAL,728318.2139175257
2022-09-03,PUBLIC,749731.696
2022-10-29,EDUCATION,739914.1428571428
2022-07-24,RETAIL,751543.1696658097
2022-07-26,MEDICAL,753902.6237373737
2022-08-03,MEDICAL,744290.7811059908
2022-10-16,MEDICAL,756284.2009569379
2022-08-16,RETAIL,769904.2196382429
2022-09-14,RESTRAUNT,762896.2133333334
2022-10-21,PUBLIC,760506.5773195876
2022-08-05,INTERNATIONAL,744351.3762135922
2022-09-23,PUBLIC,755188.3056234719
2022-10-26,EDUCATION,767362.0787589499
2022-09-08,MEDICAL,721588.7237163815
2022-10-18,INTERNATIONAL,728917.4666666667
2022-07-30,RESTRAUNT,767628.0479616307
2022-08-13,PUBLIC,741344.1813186813
2022-08-15,INTERNATIONAL,757720.8655462185
2022-09-15,PUBLIC,745050.3706293707
2022-07-31,EDUCATION,750031.7659033079
2022-09-02,INTERNATIONAL,725850.1731707318
2022-09-08,RESTRAUNT,763139.0583941606
2022-10-08,RETAIL,760236.5400516796
2022-10-24,MEDICAL,735549.86908078
2022-08-05,MEDICAL,738824.5801526718
2022-08-13,INVESTMENTS,750796.8093994778
2022-09-19,MEDICAL,756282.9568345323
2022-09-20,MEDICAL,755428.9318734793
2022-10-05,PUBLIC,755243.7540603249
2022-08-07,PUBLIC,739512.2164705882
2022-07-22,MEDICAL,747794.5979381443
2022-08-19,EDUCATION,753251.5459183673
2022-09-27,PUBLIC,744169.7864321608
2022-10-08,INTERNATIONAL,745358.327176781
2022-07-21,EDUCATION,751163.587012987
2022-07-27,PUBLIC,764908.7967914438
2022-08-13,EDUCATION,732861.9736147757
2022-09-20,EDUCATION,742848.8382749326
2022-09-23,INTERNATIONAL,753132.0149253731
2022-08-25,RESTRAUNT,754481.9539295393
2022-09-10,INVESTMENTS,748122.9816753927
2022-09-11,MEDICAL,740111.6432160804
2022-09-11,PUBLIC,727529.7282051282
2022-09-19,INTERNATIONAL,756337.2193211488
2022-08-09,INTERNATIONAL,739727.265
2022-08-30,RESTRAUNT,751484.0226130653
2022-09-03,RETAIL,745152.36
2022-09-08,INTERNATIONAL,763302.368146214
2022-10-25,RESTRAUNT,746310.2114882506
2022-10-25,EDUCATION,730611.6573816156
2022-09-04,EDUCATION,733907.8271276596
2022-09-06,INTERNATIONAL,745087.154040404
2022-09-07,RETAIL,769415.9778393352
2022-09-13,INTERNATIONAL,736533.9496021221
2022-10-12,EDUCATION,736592.9443037974
2022-10-17,RETAIL,733231.6115107914
2022-08-15,MEDICAL,751546.8885941645
2022-09-18,INVESTMENTS,774496.4892473118
2022-09-23,INVESTMENTS,732651.7087628866
2022-10-07,RETAIL,757175.0770975057
2022-10-25,RETAIL,762220.1259640103
2022-08-13,INTERNATIONAL,759039.1577540106
2022-09-07,PUBLIC,723472.458737864
2022-09-08,RETAIL,759196.4556962026
2022-10-05,MEDICAL,746406.5479452055
2022-10-29,RETAIL,776139.8181818182
2022-08-10,RETAIL,736660.9247572816
2022-09-28,RESTRAUNT,728741.4896373057
2022-10-03,RESTRAUNT,746618.9906323185
2022-07-28,EDUCATION,752721.0243309003
2022-09-08,PUBLIC,735013.2180851063
2022-09-24,MEDICAL,738737.2779156327
2022-10-11,RESTRAUNT,723183.7261306533
2022-07-30,MEDICAL,760217.8243902439
2022-08-13,RESTRAUNT,760879.9109589041
2022-08-31,PUBLIC,729237.2443890275
2022-09-28,INTERNATIONAL,768173.2297979798
2022-08-21,EDUCATION,766849.5601851852
2022-08-26,RESTRAUNT,741212.9346246973
2022-10-28,RETAIL,765579.4004975124
2022-12-12,INTERNATIONAL,742316.3667546174
2022-11-05,INVESTMENTS,721709.1671232877
2022-11-12,INTERNATIONAL,770553.9158415842
2022-11-14,PUBLIC,761269.8844086021
2022-12-02,INTERNATIONAL,759251.755
2022-12-06,INTERNATIONAL,756488.9373297002
2022-12-16,RETAIL,753576.3698296837
2022-11-07,RETAIL,778605.6994680851
2022-12-13,RESTRAUNT,772276.009009009
2022-11-03,MEDICAL,753814.8801089919
2022-11-08,PUBLIC,751050.8246073298
2022-11-14,MEDICAL,768749.8010335917
2022-12-20,INVESTMENTS,757426.395
2022-12-22,PUBLIC,748000.7694369974
2022-12-30,RESTRAUNT,758147.4319371728
2022-11-08,EDUCATION,746777.9603960396
2022-12-20,MEDICAL,770398.2945736434
2022-12-09,RETAIL,755689.4747252747
2022-12-25,RETAIL,772947.4229765013
2022-11-26,MEDICAL,771534.8513853904
2022-11-06,INVESTMENTS,769026.5195121951
2022-11-23,INTERNATIONAL,747735.4683544304
2022-11-28,MEDICAL,738546.7162162162
2022-12-21,RETAIL,766074.4035989717
2022-12-28,MEDICAL,728847.5634517766
2022-11-25,MEDICAL,753542.3333333334
2022-12-25,PUBLIC,738096.9173333333
2022-12-03,MEDICAL,759892.0155844156
2022-12-07,INTERNATIONAL,735835.0710784313
2022-12-17,PUBLIC,734444.442408377
2022-12-29,RETAIL,737925.718446602
2022-11-29,RETAIL,756215.4116161616
2022-12-08,MEDICAL,768930.8870967742
2022-12-11,INTERNATIONAL,745258.7316455697
2022-11-07,INTERNATIONAL,773152.0471698113
2022-12-07,RESTRAUNT,727794.9685863875
2022-12-23,INVESTMENTS,751010.6426735219
2022-10-31,EDUCATION,751414.4684931507
2022-11-25,INTERNATIONAL,745742.4142480211
2022-12-06,RESTRAUNT,746654.3609022556
2022-12-15,INVESTMENTS,780825.9166666666
2022-11-02,MEDICAL,759378.283887468
2022-11-20,INTERNATIONAL,748004.9124087591
2022-11-05,RESTRAUNT,748282.6113861386
2022-11-27,INTERNATIONAL,735649.4066496163
2022-11-29,RESTRAUNT,754499.5155131265
2022-12-28,RETAIL,752992.2964959568
2022-11-08,RESTRAUNT,759120.6868686868
2022-12-03,PUBLIC,738148.5521628499
2022-12-17,RESTRAUNT,744026.4961038961
2022-11-02,RETAIL,754982.7078947368
2022-12-15,PUBLIC,740824.6570048309
2022-12-15,MEDICAL,746270.8372703412
2022-12-16,RESTRAUNT,772165.387434555
2022-12-25,INTERNATIONAL,749011.682983683
2022-12-30,MEDICAL,735311.5751295337
2022-12-23,PUBLIC,757134.9413202934
2022-11-15,EDUCATION,733370.3774509804
2022-12-19,RETAIL,738984.3099273607
2022-11-07,MEDICAL,764483.2023809524
2022-12-23,EDUCATION,750868.455
2022-12-31,PUBLIC,743879.0193370166
2022-11-10,RETAIL,748367.4814814815
2022-11-09,EDUCATION,745826.5461956522
2022-11-27,RESTRAUNT,752781.7068062827
2022-11-30,RESTRAUNT,757341.8160377359
2022-10-30,PUBLIC,751796.9362745098
2022-11-26,EDUCATION,743527.5024630541
2022-11-11,INVESTMENTS,741428.1438679246
2022-11-22,INVESTMENTS,748826.844783715
2022-12-08,PUBLIC,774567.0396039604
2022-12-22,RESTRAUNT,766740.9125964011
2022-11-23,INVESTMENTS,771077.7909319899
2022-12-02,RESTRAUNT,738822.3980582524
2022-12-05,INVESTMENTS,752170.157635468
2022-12-13,EDUCATION,732304.529562982
2022-11-10,INVESTMENTS,732884.6212871287
2022-11-17,EDUCATION,766663.5569306931
2022-11-23,MEDICAL,742374.1521197008
2022-12-07,EDUCATION,770259.0462724935
2022-12-15,EDUCATION,735781.4852546917
2022-12-27,EDUCATION,744104.6069518717
2022-11-20,RESTRAUNT,746393.934065934
2022-12-27,RETAIL,746616.0413625304
2022-12-31,EDUCATION,756763.3984771573
2022-12-23,MEDICAL,761924.9706666666
2022-11-19,INVESTMENTS,743198.0821529746
2022-12-09,PUBLIC,760097.2321899736
2022-11-04,EDUCATION,764355.9637305699
2022-11-26,RESTRAUNT,781476.0131578947
2022-12-16,PUBLIC,731185.9480874317
2022-12-19,EDUCATION,771298.6022099447
2022-12-28,INVESTMENTS,743800.0297029703
2022-11-20,RETAIL,755715.204851752
2022-11-26,INVESTMENTS,755568.9112149533
2022-12-01,PUBLIC,748714.5633074936
2022-12-23,INTERNATIONAL,763312.626566416
2022-11-05,INTERNATIONAL,742982.5368171021
2022-11-17,RESTRAUNT,727616.1546666666
2022-11-28,PUBLIC,741008.8065326633
2022-12-11,RESTRAUNT,749524.5534759358
2022-12-14,RESTRAUNT,727143.2813299233
2022-11-06,PUBLIC,745767.0478723404
2022-12-12,EDUCATION,744314.1635883905
2022-11-06,EDUCATION,742742.9801488834
2022-11-11,MEDICAL,748357.9011764706
2022-11-25,EDUCATION,750044.1970802919
2022-12-19,INVESTMENTS,746042.1179624664
2022-11-18,INTERNATIONAL,720693.898989899
2022-12-13,INVESTMENTS,752564.9043062201
2022-12-14,MEDICAL,765511.6957605985
2022-11-30,MEDICAL,731002.7236842106
2022-12-15,INTERNATIONAL,756132.0555555555
2022-12-26,PUBLIC,740231.8985148515
2022-11-20,INVESTMENTS,756553.3643031785
2022-11-26,PUBLIC,746212.2375690608
2022-12-01,RESTRAUNT,758768.3479381443
2022-12-29,INVESTMENTS,734992.485
2022-11-21,MEDICAL,763217.4908675799
2022-12-01,RETAIL,742091.6907730673
2022-12-22,RETAIL,743821.558080808
2022-11-06,RESTRAUNT,773278.9829268293
2022-11-26,INTERNATIONAL,764274.1289473685
2022-11-02,INVESTMENTS,777046.5
2022-12-12,RETAIL,775737.9758454106
2022-12-18,PUBLIC,744703.807106599
2022-11-29,MEDICAL,736191.3746701847
2022-11-08,RETAIL,751562.6889460154
2022-11-10,EDUCATION,749589.9665738161
2022-11-24,INVESTMENTS,744879.5441595442
2022-12-04,INVESTMENTS,754673.306372549
2022-12-18,MEDICAL,763110.8219178083
2022-10-31,RETAIL,732748.9124423963
2022-11-24,RESTRAUNT,749606.4557291666
2022-11-14,EDUCATION,752246.1134020619
2022-11-29,INTERNATIONAL,746388.089974293
2022-12-17,MEDICAL,747568.7333333333
2022-11-17,PUBLIC,757624.6306954436
2022-11-12,INVESTMENTS,748612.4102564103
2022-12-21,MEDICAL,753738.9330024814
2022-11-27,RETAIL,757841.4783783783
2022-11-28,EDUCATION,742652.0026109661
2022-12-25,RESTRAUNT,743674.3171355498
2022-11-19,RESTRAUNT,745500.7732997481
2022-11-22,INTERNATIONAL,747241.5633802817
2022-12-01,MEDICAL,750224.1316455696
2022-12-04,RETAIL,748229.2653061225
2022-12-29,INTERNATIONAL,747807.8025316455
2022-11-13,RETAIL,744784.0574162679
2022-12-09,INTERNATIONAL,751013.1888888889
2022-12-27,INVESTMENTS,734983.1515957447
2022-11-13,MEDICAL,751496.1024930748
2022-11-15,MEDICAL,747609.7633587787
2022-12-30,INVESTMENTS,750682.9512820513
2022-11-21,INVESTMENTS,736216.3989769821
2022-11-23,PUBLIC,739335.9440389294
2022-12-18,EDUCATION,758580.6489104116
2022-11-15,INTERNATIONAL,750255.8933002482
2022-11-21,PUBLIC,737532.8253968254
2022-11-01,RESTRAUNT,779561.8776041666
2022-11-04,INVESTMENTS,739304.392670157
2022-11-18,INVESTMENTS,766783.7035040432
2022-11-22,MEDICAL,742085.1361386139
2022-12-17,RETAIL,751694.5114503817
2022-11-16,INTERNATIONAL,733327.6691729323
2022-10-30,MEDICAL,760607.2255639097
2022-11-01,INTERNATIONAL,752636.8838862559
2022-12-29,PUBLIC,763604.2068062827
2022-11-04,MEDICAL,764822.0325814537
2022-12-21,INVESTMENTS,755685.1343669251
2022-11-07,INVESTMENTS,757367.2205128205
2022-11-18,RESTRAUNT,757181.0279069768
2022-12-02,RETAIL,759519.5762273902
2022-12-16,MEDICAL,782559.7584415585
2022-11-09,MEDICAL,745954.7202970297
2022-12-20,EDUCATION,747484.9238578681
2022-12-30,INTERNATIONAL,747595.7171717172
2022-11-16,INVESTMENTS,753910.7131367292
2022-11-27,EDUCATION,753763.9376558603
2022-12-09,RESTRAUNT,752587.2067307692
2022-11-01,EDUCATION,754714.4137931034
2022-12-01,INTERNATIONAL,731779.181081081
2022-12-05,EDUCATION,749781.4346666667
2022-12-24,MEDICAL,747105.8995215311
2022-12-26,EDUCATION,775048.1530864198
2022-12-31,INVESTMENTS,763150.7300469483
2022-11-03,PUBLIC,751165.2322738386
2022-12-24,EDUCATION,743159.848901099
2022-11-05,RETAIL,755839.4120734908
2022-12-06,INVESTMENTS,753547.1647058823
2022-10-30,RETAIL,768072.0103626943
2022-11-25,PUBLIC,761830.568627451
2022-11-27,MEDICAL,760573.8250591017
2022-11-18,PUBLIC,758834.1435185185
2022-10-31,PUBLIC,732905.1926829268
2022-11-24,RETAIL,752688.1564102564
2022-11-29,EDUCATION,743742.9470752089
2022-11-22,EDUCATION,765864.9185185186
2022-11-24,INTERNATIONAL,766845.297235023
2022-12-06,EDUCATION,734281.3793103448
2022-12-12,RESTRAUNT,736970.9469496021
2022-12-26,INVESTMENTS,767281.5665024631
2022-12-02,PUBLIC,751820.0739856802
2022-12-25,INVESTMENTS,751673.3035714285
2022-12-26,RESTRAUNT,735940.0857142857
2022-12-27,INTERNATIONAL,733592.835443038
2022-10-30,INVESTMENTS,749937.6493506493
2022-11-28,RETAIL,745612.803030303
2022-12-31,RESTRAUNT,724246.906077348
2022-12-31,MEDICAL,749044.5107398567
2022-12-07,RETAIL,739854.276762402
2022-12-06,MEDICAL,746729.3921052632
2022-11-04,INTERNATIONAL,756369.2494004796
2022-11-15,PUBLIC,740414.6308539945
2022-12-04,PUBLIC,765802.0995145631
2022-12-13,INTERNATIONAL,738069.7432762836
2022-10-31,MEDICAL,770995.8328981723
2022-12-26,INTERNATIONAL,743033.4289405685
2022-12-14,INVESTMENTS,738473.92481203
2022-12-16,INVESTMENTS,749812.8075
2022-11-16,RESTRAUNT,750348.0323450135
2022-11-19,PUBLIC,739367.2041343669
2022-12-04,INTERNATIONAL,740586.4227642276
2022-10-30,INTERNATIONAL,715910.4390243902
2022-11-16,EDUCATION,743052.0746987952
2022-11-24,EDUCATION,741656.6802030457
2022-11-19,INTERNATIONAL,771767.1469879518
2022-11-05,PUBLIC,776512.7902813299
2022-11-11,RETAIL,733470.9691516709
2022-12-04,MEDICAL,757800.1455026455
2022-12-10,INVESTMENTS,724869.9950124688
2022-12-13,MEDICAL,751988.8303797469
2022-11-15,RETAIL,747192.3072916666
2022-11-28,INTERNATIONAL,743342.8760107816
2022-12-31,RETAIL,744303.6178660049
2022-11-30,RETAIL,751016.6649616369
2022-12-11,MEDICAL,723128.1063829787
2022-12-13,PUBLIC,746423.8911917098
2022-12-24,PUBLIC,725118.2644836272
2022-11-15,RESTRAUNT,765699.6885644769
2022-11-27,INVESTMENTS,735902.1679586563
2022-11-29,INVESTMENTS,739719.2378640777
2022-11-30,INVESTMENTS,742721.1108312343
2022-12-19,PUBLIC,753202.716080402
2022-11-25,INVESTMENTS,753794.1784841076
2022-11-30,EDUCATION,744369.9192200557
2022-12-16,INTERNATIONAL,741936.5
2022-12-17,INTERNATIONAL,746376.9922077922
2022-10-31,INVESTMENTS,760449.1375661376
2022-11-21,EDUCATION,760346.7889182058
2022-12-11,RETAIL,739157.7109974425
2022-12-05,INTERNATIONAL,754976.1119047619
2022-11-16,PUBLIC,764082.3658536585
2022-12-10,RESTRAUNT,750861.6812339332
2022-12-21,PUBLIC,760963.855
2022-11-12,RESTRAUNT,748341.2382198953
2022-12-03,RESTRAUNT,758979.5785714285
2022-12-13,RETAIL,747337.4170616114
2022-12-20,RETAIL,744232.5989583334
2022-12-25,MEDICAL,751675.5555555555
2022-12-09,MEDICAL,749932.4267676767
2022-11-10,RESTRAUNT,738920.3558441559
2022-11-14,RETAIL,746752.6890547264
2022-12-10,PUBLIC,734797.1179245283
2022-12-14,PUBLIC,737567.7665847666
2022-11-02,INTERNATIONAL,736516.8481308412
2022-11-17,MEDICAL,737814.474801061
2022-12-22,INVESTMENTS,774127.0426065163
2022-11-07,RESTRAUNT,746346.4879356568
2022-11-09,INTERNATIONAL,738421.150510204
2022-12-02,INVESTMENTS,755579.9435483871
2022-12-15,RESTRAUNT,748596.6706443914
2022-10-30,RESTRAUNT,750559.8150851581
2022-11-23,RESTRAUNT,765562.5571428571
2022-12-06,RETAIL,742636.9330024814
2022-12-30,RETAIL,727258.932160804
2022-11-07,EDUCATION,745432.9046391753
2022-11-05,MEDICAL,752991.4617346938
2022-12-06,PUBLIC,750169.0049875312
2022-12-26,MEDICAL,761954.9577464788
2022-11-17,RETAIL,743606.4343434343
2022-12-09,INVESTMENTS,745763.6403269755
2022-12-14,INTERNATIONAL,738886.3449131513
2022-12-25,EDUCATION,775635.1711956522
2022-11-13,RESTRAUNT,758623.4
2022-12-08,EDUCATION,731403.2798913043
2022-12-21,INTERNATIONAL,735131.6328502415
2022-12-22,EDUCATION,779700.3452685422
2022-11-10,MEDICAL,738667.6556122449
2022-11-08,INVESTMENTS,752066.032745592
2022-11-18,RETAIL,739589.7704918033
2022-10-30,EDUCATION,734239.0812182741
2022-11-04,RESTRAUNT,726487.549071618
2022-11-18,EDUCATION,768797.0963541666
2022-12-20,RESTRAUNT,749204.9845758355
2022-11-24,MEDICAL,756162.7323232323
2022-11-16,MEDICAL,762728.0554089709
2022-12-08,INTERNATIONAL,732939.4469135803
2022-12-08,RESTRAUNT,726149.4240196078
2022-12-28,INTERNATIONAL,768773.8143236075
2022-12-24,RESTRAUNT,773328.0893300248
2022-11-20,MEDICAL,750497.0185185185
2022-12-05,MEDICAL,738844.2243243243
2022-11-25,RETAIL,742794.5051813471
2022-11-28,INVESTMENTS,768008.0904645476
2022-11-17,INVESTMENTS,736930.608
2022-12-10,MEDICAL,764868.5877862596
2022-11-03,RETAIL,753388.9641943733
2022-11-30,PUBLIC,760785.6766917293
2022-12-01,EDUCATION,747343.1512195122
2022-12-11,EDUCATION,750735.4221635883
2022-11-23,EDUCATION,743200.2377260982
2022-11-08,INTERNATIONAL,753747.1082474227
2022-11-03,INTERNATIONAL,732972.9
2022-11-14,INVESTMENTS,751312.9166666666
2022-11-21,INTERNATIONAL,744801.9554455446
2022-12-14,RETAIL,764138.1171875
2022-11-04,RETAIL,736542.8163265307
2022-11-09,RESTRAUNT,739466.598062954
2022-11-15,INVESTMENTS,751140.0461538462
2022-11-25,RESTRAUNT,720507.3308080808
2022-11-09,PUBLIC,752958.364556962
2022-12-30,PUBLIC,753732.2555831266
2022-12-12,INVESTMENTS,766998.5904761904
2022-12-24,INTERNATIONAL,747400.1051282051
2022-12-10,RETAIL,745624.891598916
2022-12-21,EDUCATION,749832.3460490464
2022-11-11,PUBLIC,736200.6232686981
2022-11-17,INTERNATIONAL,758460.5294117647
2022-12-02,EDUCATION,737021.4483695652
2022-12-16,EDUCATION,762146.265625
2022-11-06,RETAIL,756725.6103542234
2022-12-04,EDUCATION,738070.1296758105
2022-12-28,RESTRAUNT,757762.1816037736
2022-11-22,PUBLIC,735720.7395577396
2022-12-03,RETAIL,742712.2284122562
2022-12-29,EDUCATION,733626.8275862068
2022-12-24,RETAIL,772711.7886597938
2022-12-12,MEDICAL,761855.7692307692
2022-11-22,RETAIL,743367.3734643735
2022-12-10,EDUCATION,743361.9202127659
2022-12-23,RETAIL,748225.4705882353
2022-12-18,INVESTMENTS,734704.8588235294
2022-11-28,RESTRAUNT,745390.1411764706
2022-11-20,PUBLIC,740130.5566502463
2022-12-23,RESTRAUNT,752595.1028277635
2022-11-03,INVESTMENTS,753640.6642857143
2022-12-07,PUBLIC,737643.8072916666
2022-12-18,INTERNATIONAL,731808.699745547
2022-12-26,RETAIL,763955.4373333333
2022-12-27,PUBLIC,736199.2554744525
2022-11-19,EDUCATION,738672.6223958334
2022-11-11,EDUCATION,738239.4408602151
2022-11-13,EDUCATION,762837.496083551
2022-12-17,EDUCATION,753173.3840206185
2022-11-20,EDUCATION,730286.779661017
2022-11-21,RETAIL,745025.2970822281
2022-12-19,INTERNATIONAL,745860.47314578
2022-11-01,MEDICAL,770602.987012987
2022-12-18,RESTRAUNT,763481.583106267
2022-11-29,PUBLIC,739950.3668341709
2022-12-28,PUBLIC,750039.4362745098
2022-11-11,INTERNATIONAL,761187.5195822454
2022-11-18,MEDICAL,764344.1260053619
2022-12-12,PUBLIC,723667.6210526315
2022-11-08,MEDICAL,761039.2373737374
2022-11-09,INVESTMENTS,753501.1666666666
2022-12-05,PUBLIC,746124.3462469734
2022-12-29,MEDICAL,765394.4285714285
2022-11-01,RETAIL,752106.1102564102
2022-12-30,EDUCATION,758119.4508816121
2022-11-06,MEDICAL,757872.5693430657
2022-11-11,RESTRAUNT,725934.6407035176
2022-11-01,PUBLIC,753535.726790451
2022-11-09,RETAIL,750826.7328042329
2022-12-08,RETAIL,749308.2674698795
2022-12-11,PUBLIC,759223.106888361
2022-11-12,PUBLIC,769306.3333333334
2022-11-13,INVESTMENTS,742463.5247524752
2022-12-02,MEDICAL,752874.9137055838
2022-11-13,PUBLIC,732023.9845360825
2022-12-03,EDUCATION,731787.7188328912
2022-11-14,INTERNATIONAL,765940.7237163815
2022-11-02,EDUCATION,756769.0264550265
2022-11-02,RESTRAUNT,739113.3916449086
2022-12-08,INVESTMENTS,767166.7105263158
2022-11-23,RETAIL,729735.5304136253
2022-11-24,PUBLIC,729201.6848635236
2022-12-07,MEDICAL,772491.4645476773
2022-12-31,INTERNATIONAL,764879.6476683938
2022-11-02,PUBLIC,745454.4119170984
2022-12-19,RESTRAUNT,741124.6609756098
2022-11-10,PUBLIC,755091.5957446808
2022-11-04,PUBLIC,745440.395989975
2022-11-12,MEDICAL,721755.2608695652
2022-11-19,MEDICAL,746593.1200980392
2022-11-22,RESTRAUNT,755250.2073490814
2022-11-30,INTERNATIONAL,750039.631840796
2022-12-09,EDUCATION,732927.7889182058
2022-12-11,INVESTMENTS,746188.8004807692
2022-12-14,EDUCATION,746613.5422343324
2022-12-17,INVESTMENTS,738241.4082125603
2022-11-06,INTERNATIONAL,745767.9466666667
2022-11-07,PUBLIC,763945.3307086615
2022-11-12,EDUCATION,757729.8249400479
2022-11-19,RETAIL,744778.8627450981
2022-12-03,INTERNATIONAL,744979.0997506235
2022-12-20,INTERNATIONAL,756343.2980295566
2022-12-27,MEDICAL,765823.8313253012
2022-12-27,RESTRAUNT,762982.6945945946
2022-11-01,INVESTMENTS,744231.2350119904
2022-11-10,INTERNATIONAL,725640.9051094891
2022-11-26,RETAIL,766044.3007518797
2022-12-01,INVESTMENTS,742273.9426433916
2022-12-05,RESTRAUNT,753025.9830985916
2022-10-31,INTERNATIONAL,769901.6984924623
2022-11-03,RESTRAUNT,747676.679197995
2022-11-27,PUBLIC,761962.311557789
2022-11-03,EDUCATION,759034.1502463054
2022-12-24,INVESTMENTS,763135.8341836735
2022-11-05,EDUCATION,761405.0376884422
2022-12-03,INVESTMENTS,756762.860911271
2022-12-22,INTERNATIONAL,759668.3366336634
2022-11-12,RETAIL,753400.6756756756
2022-11-21,RESTRAUNT,731227.8467532467
2022-12-04,RESTRAUNT,782496.612244898
2022-12-07,INVESTMENTS,755194.7153652393
2022-12-18,RETAIL,765830.070886076
2022-12-20,PUBLIC,734149.6734693878
2022-12-28,EDUCATION,740133.256684492
2022-11-16,RETAIL,741685.2345679012
2022-12-22,MEDICAL,752368.285
2022-12-05,RETAIL,742260.5883777239
2022-12-19,MEDICAL,753001.5777777778
2022-12-10,INTERNATIONAL,738238.145
2022-12-15,RETAIL,745640.476070529
2022-11-14,RESTRAUNT,750588.4024390244
2022-11-13,INTERNATIONAL,748272.262086514
2022-12-21,RESTRAUNT,741761.2474489796
2022-12-29,RESTRAUNT,756151.8605263158
2022-10-31,RESTRAUNT,725835.7890625
